"timestamp", "Room", "message"
"timestamp", "Room", "message"
2024-08-29 17:44:15, FL Fort Lauderdale Conf Room, 0
2024-08-29 17:44:15, Chicago Large Conf Room, 0
2024-08-29 17:44:15, Chicago Small Conf Room, 1
2024-08-29 17:44:15, MD Owing Mills Large Conf, 0
2024-08-29 17:44:15, MD Owing Mills Medium Conf, 0
2024-08-29 17:44:15, MD Owing Mills Small Conf, 0
2024-08-29 17:44:15, CA San Mateo, 0
2024-08-29 17:44:15, Dallas Training Room, 0
2024-08-29 17:44:15, Dallas Main Conference Room, 0
2024-08-29 17:44:15, Dallas JP Conference Room, 0
2024-08-29 17:44:15, Bangalore Eden, 0
2024-08-29 17:44:15, Bangalore CampNou, 0
2024-08-29 17:44:15, Bangalore SanSiro, 1
2024-08-29 17:44:15, Bangalore OldTrafford, 0
2024-08-29 17:44:15, Bangalore Anfield, 1
2024-08-29 17:44:15, Bangalore Guruku, 1
2024-08-29 17:44:15, CA La Jolla The Cove, 0
2024-08-29 17:44:15, CA La Jolla The Shores, 0
2024-08-29 17:44:15, MN Eiger Room, 0
2024-08-29 17:44:15, MN Glickman, 0
2024-08-29 17:44:15, MN Boardroom, 0
2024-08-29 17:44:15, MN Lurie Room MCC, 0
2024-08-29 17:44:15, NJ Woodcliff Lake New Jersey, 0
2024-08-29 17:44:15, Hyderabad Kakatiya Training Room, 1
2024-08-29 17:44:15, Hyderabad Koh-i-Noor, 0
2024-08-29 17:44:15, Hyderabad Falaknuma, 0
2024-08-29 17:44:15, FL West Palm Beach Large Tax Conference, 0
2024-08-29 17:44:15, FL West Palm Beach Audit Tax Conference, 1
2024-08-29 17:44:15, FL West Palm Beach WPB 10th Conf RM, 0
2024-08-29 17:44:15, NJ Mt. Laurel Conf Rm, 0
2024-08-29 17:44:15, NY Melville Conf RM 2.91, 0
2024-08-29 17:44:15, NY Melville Conf RM 2.90, 0
2024-08-29 17:44:15, NY Melville Conf RM 2.89, 0
2024-08-29 17:44:15, NY Melville Conf RM 2.14, 0
2024-08-29 17:44:15, Mumbai God Father, 0
2024-08-29 17:44:15, Mumbai Bond007, 0
2024-08-29 17:44:15, Mumbai Iron Man, 0
2024-08-29 17:44:15, Mumbai Darth Vader, 0
2024-08-29 17:44:15, Mumbai War Room, 0
2024-08-29 17:44:15, Mumbai Einstein, 1
2024-08-29 17:44:15, Mumbai Newton, 1
2024-08-29 17:44:15, PA Philly Conf 29E 55, 0
2024-08-29 17:44:15, PA Philly Conf 29W 24, 0
2024-08-29 17:44:15, PA Philly Conf 30E 55, 0
2024-08-29 17:44:15, PA Philly Conf 30E 02, 0
2024-08-29 17:44:15, PA Philly Conf 30W 09, 0
2024-08-29 17:44:15, NJ MP 6002 6th floor, 0
2024-08-29 17:44:15, NJ MP 6003 6th floor, 1
2024-08-29 17:44:15, NJ MP 6107 6th floor, 0
2024-08-29 17:44:15, NJ MP 6203 6th floor, 0
2024-08-29 17:44:15, NJ MP 6255 6th floor, 0
2024-08-29 17:44:15, NJ MP 6309 6th floor, 0
2024-08-29 17:44:15, NJ MP 6310 6th floor, 0
2024-08-29 17:44:15, NJ MP 7107 7th floor, 0
2024-08-29 17:44:15, NJ MP 7201 7th floor, 1
2024-08-29 17:44:15, NJ MP 7202 7th floor, 0
2024-08-29 17:44:15, NJ MP 7310 7th floor, 0
2024-08-29 17:44:15, NJ MP 7366 7th floor, 0
2024-08-29 17:44:15, NJ MP 8309 8th floor, 0
2024-08-29 17:44:15, NJ MP 8322 8th floor, 0
2024-08-29 17:44:15, NJ MP TR B 1st floor, 1
2024-08-29 17:44:15, NJ MP TR A 1st floor, 1
2024-08-29 17:44:15, NJ Metropark Boardroom 6th floor, 0
2024-08-29 17:44:15, NYC MC 6.52 6th floor, 1
2024-08-29 17:44:15, NYC Liberty 6th floor, 0
2024-08-29 17:44:15, NYC Wall St 6th floor, 0
2024-08-29 17:44:15, NYC Grammercy 7th floor, 0
2024-08-29 17:44:15, NYC MC 7.85 7th floor, 0
2024-08-29 17:44:15, NYC High Line 7th floor, 0
2024-08-29 17:44:15, NYC Union Square 7th floor, 0
2024-08-29 17:44:15, NYC MC 8.52 8th floor, 1
2024-08-29 17:44:15, NYC Rock Center 8th floor, 1
2024-08-29 17:44:15, NYC Bryant Park 8th floor, 0
2024-08-29 17:44:15, NYC MC 9.52 9th floor, 0
2024-08-29 17:44:15, NYC Moma 9th floor, 0
2024-08-29 17:44:15, NYC Columbus Circle 9th floor, 0
2024-08-29 17:44:15, NYC MC 10.52 10th floor, 0
2024-08-29 17:44:15, NYC The Met 10th floor, 0
2024-08-29 17:44:15, NYC Apollo 10th floor, 0
2024-08-29 17:34:14, FL Fort Lauderdale Conf Room, 0
2024-08-29 17:34:14, Chicago Large Conf Room, 0
2024-08-29 17:34:14, Chicago Small Conf Room, 1
2024-08-29 17:34:14, MD Owing Mills Large Conf, 0
2024-08-29 17:34:14, MD Owing Mills Medium Conf, 0
2024-08-29 17:34:14, MD Owing Mills Small Conf, 0
2024-08-29 17:34:14, CA San Mateo, 0
2024-08-29 17:34:14, Dallas Training Room, 0
2024-08-29 17:34:14, Dallas Main Conference Room, 0
2024-08-29 17:34:14, Dallas JP Conference Room, 0
2024-08-29 17:34:14, Bangalore Eden, 0
2024-08-29 17:34:14, Bangalore CampNou, 0
2024-08-29 17:34:14, Bangalore SanSiro, 1
2024-08-29 17:34:14, Bangalore OldTrafford, 0
2024-08-29 17:34:14, Bangalore Anfield, 1
2024-08-29 17:34:14, Bangalore Guruku, 1
2024-08-29 17:34:14, CA La Jolla The Cove, 0
2024-08-29 17:34:14, CA La Jolla The Shores, 0
2024-08-29 17:34:14, MN Eiger Room, 0
2024-08-29 17:34:14, MN Glickman, 0
2024-08-29 17:34:14, MN Boardroom, 0
2024-08-29 17:34:14, MN Lurie Room MCC, 0
2024-08-29 17:34:14, NJ Woodcliff Lake New Jersey, 0
2024-08-29 17:34:14, Hyderabad Kakatiya Training Room, 1
2024-08-29 17:34:14, Hyderabad Koh-i-Noor, 0
2024-08-29 17:34:14, Hyderabad Falaknuma, 0
2024-08-29 17:34:14, FL West Palm Beach Large Tax Conference, 0
2024-08-29 17:34:14, FL West Palm Beach Audit Tax Conference, 1
2024-08-29 17:34:14, FL West Palm Beach WPB 10th Conf RM, 0
2024-08-29 17:34:14, NJ Mt. Laurel Conf Rm, 0
2024-08-29 17:34:14, NY Melville Conf RM 2.91, 0
2024-08-29 17:34:14, NY Melville Conf RM 2.90, 0
2024-08-29 17:34:14, NY Melville Conf RM 2.89, 0
2024-08-29 17:34:14, NY Melville Conf RM 2.14, 0
2024-08-29 17:34:14, Mumbai God Father, 0
2024-08-29 17:34:14, Mumbai Bond007, 0
2024-08-29 17:34:14, Mumbai Iron Man, 0
2024-08-29 17:34:14, Mumbai Darth Vader, 0
2024-08-29 17:34:14, Mumbai War Room, 0
2024-08-29 17:34:14, Mumbai Einstein, 1
2024-08-29 17:34:14, Mumbai Newton, 1
2024-08-29 17:34:14, PA Philly Conf 29E 55, 0
2024-08-29 17:34:14, PA Philly Conf 29W 24, 0
2024-08-29 17:34:14, PA Philly Conf 30E 55, 0
2024-08-29 17:34:14, PA Philly Conf 30E 02, 0
2024-08-29 17:34:14, PA Philly Conf 30W 09, 0
2024-08-29 17:34:14, NJ MP 6002 6th floor, 0
2024-08-29 17:34:14, NJ MP 6003 6th floor, 1
2024-08-29 17:34:14, NJ MP 6107 6th floor, 0
2024-08-29 17:34:14, NJ MP 6203 6th floor, 0
2024-08-29 17:34:14, NJ MP 6255 6th floor, 0
2024-08-29 17:34:14, NJ MP 6309 6th floor, 0
2024-08-29 17:34:14, NJ MP 6310 6th floor, 0
2024-08-29 17:34:14, NJ MP 7107 7th floor, 0
2024-08-29 17:34:14, NJ MP 7201 7th floor, 1
2024-08-29 17:34:14, NJ MP 7202 7th floor, 0
2024-08-29 17:34:14, NJ MP 7310 7th floor, 0
2024-08-29 17:34:14, NJ MP 7366 7th floor, 0
2024-08-29 17:34:14, NJ MP 8309 8th floor, 0
2024-08-29 17:34:14, NJ MP 8322 8th floor, 0
2024-08-29 17:34:14, NJ MP TR B 1st floor, 1
2024-08-29 17:34:14, NJ MP TR A 1st floor, 1
2024-08-29 17:34:14, NJ Metropark Boardroom 6th floor, 0
2024-08-29 17:34:14, NYC MC 6.52 6th floor, 1
2024-08-29 17:34:14, NYC Liberty 6th floor, 0
2024-08-29 17:34:14, NYC Wall St 6th floor, 0
2024-08-29 17:34:14, NYC Grammercy 7th floor, 0
2024-08-29 17:34:14, NYC MC 7.85 7th floor, 0
2024-08-29 17:34:14, NYC High Line 7th floor, 0
2024-08-29 17:34:14, NYC Union Square 7th floor, 0
2024-08-29 17:34:14, NYC MC 8.52 8th floor, 1
2024-08-29 17:34:14, NYC Rock Center 8th floor, 1
2024-08-29 17:34:14, NYC Bryant Park 8th floor, 0
2024-08-29 17:34:14, NYC MC 9.52 9th floor, 0
2024-08-29 17:34:14, NYC Moma 9th floor, 0
2024-08-29 17:34:14, NYC Columbus Circle 9th floor, 0
2024-08-29 17:34:14, NYC MC 10.52 10th floor, 0
2024-08-29 17:34:14, NYC The Met 10th floor, 0
2024-08-29 17:34:14, NYC Apollo 10th floor, 0
2024-08-29 17:34:14, FL Fort Lauderdale Conf Room, 0
2024-08-29 17:34:14, Chicago Large Conf Room, 0
2024-08-29 17:34:14, Chicago Small Conf Room, 1
2024-08-29 17:34:14, MD Owing Mills Large Conf, 0
2024-08-29 17:34:14, MD Owing Mills Medium Conf, 0
2024-08-29 17:34:14, MD Owing Mills Small Conf, 0
2024-08-29 17:34:14, CA San Mateo, 0
2024-08-29 17:34:14, Dallas Training Room, 0
2024-08-29 17:34:14, Dallas Main Conference Room, 0
2024-08-29 17:34:14, Dallas JP Conference Room, 0
2024-08-29 17:34:14, Bangalore Eden, 0
2024-08-29 17:34:14, Bangalore CampNou, 0
2024-08-29 17:34:14, Bangalore SanSiro, 1
2024-08-29 17:34:14, Bangalore OldTrafford, 0
2024-08-29 17:34:14, Bangalore Anfield, 1
2024-08-29 17:34:14, Bangalore Guruku, 1
2024-08-29 17:34:14, CA La Jolla The Cove, 0
2024-08-29 17:34:14, CA La Jolla The Shores, 0
2024-08-29 17:34:14, MN Eiger Room, 0
2024-08-29 17:34:14, MN Glickman, 0
2024-08-29 17:34:14, MN Boardroom, 0
2024-08-29 17:34:14, MN Lurie Room MCC, 0
2024-08-29 17:34:14, NJ Woodcliff Lake New Jersey, 0
2024-08-29 17:34:14, Hyderabad Kakatiya Training Room, 1
2024-08-29 17:34:14, Hyderabad Koh-i-Noor, 0
2024-08-29 17:34:14, Hyderabad Falaknuma, 0
2024-08-29 17:34:14, FL West Palm Beach Large Tax Conference, 0
2024-08-29 17:34:14, FL West Palm Beach Audit Tax Conference, 1
2024-08-29 17:34:14, FL West Palm Beach WPB 10th Conf RM, 0
2024-08-29 17:34:14, NJ Mt. Laurel Conf Rm, 0
2024-08-29 17:34:14, NY Melville Conf RM 2.91, 0
2024-08-29 17:34:14, NY Melville Conf RM 2.90, 0
2024-08-29 17:34:14, NY Melville Conf RM 2.89, 0
2024-08-29 17:34:14, NY Melville Conf RM 2.14, 0
2024-08-29 17:34:14, Mumbai God Father, 0
2024-08-29 17:34:14, Mumbai Bond007, 0
2024-08-29 17:34:14, Mumbai Iron Man, 0
2024-08-29 17:34:14, Mumbai Darth Vader, 0
2024-08-29 17:34:14, Mumbai War Room, 0
2024-08-29 17:34:14, Mumbai Einstein, 1
2024-08-29 17:34:14, Mumbai Newton, 1
2024-08-29 17:34:14, PA Philly Conf 29E 55, 0
2024-08-29 17:34:14, PA Philly Conf 29W 24, 0
2024-08-29 17:34:14, PA Philly Conf 30E 55, 0
2024-08-29 17:34:14, PA Philly Conf 30E 02, 0
2024-08-29 17:34:14, PA Philly Conf 30W 09, 0
2024-08-29 17:34:14, NJ MP 6002 6th floor, 0
2024-08-29 17:34:14, NJ MP 6003 6th floor, 1
2024-08-29 17:34:14, NJ MP 6107 6th floor, 0
2024-08-29 17:34:14, NJ MP 6203 6th floor, 0
2024-08-29 17:34:14, NJ MP 6255 6th floor, 0
2024-08-29 17:34:14, NJ MP 6309 6th floor, 0
2024-08-29 17:34:14, NJ MP 6310 6th floor, 0
2024-08-29 17:34:14, NJ MP 7107 7th floor, 0
2024-08-29 17:34:14, NJ MP 7201 7th floor, 1
2024-08-29 17:34:14, NJ MP 7202 7th floor, 0
2024-08-29 17:34:14, NJ MP 7310 7th floor, 0
2024-08-29 17:34:14, NJ MP 7366 7th floor, 0
2024-08-29 17:34:14, NJ MP 8309 8th floor, 0
2024-08-29 17:34:14, NJ MP 8322 8th floor, 0
2024-08-29 17:34:14, NJ MP TR B 1st floor, 1
2024-08-29 17:34:14, NJ MP TR A 1st floor, 1
2024-08-29 17:34:14, NJ Metropark Boardroom 6th floor, 0
2024-08-29 17:34:14, NYC MC 6.52 6th floor, 1
2024-08-29 17:34:14, NYC Liberty 6th floor, 0
2024-08-29 17:34:14, NYC Wall St 6th floor, 0
2024-08-29 17:34:14, NYC Grammercy 7th floor, 0
2024-08-29 17:34:14, NYC MC 7.85 7th floor, 0
2024-08-29 17:34:14, NYC High Line 7th floor, 0
2024-08-29 17:34:14, NYC Union Square 7th floor, 0
2024-08-29 17:34:14, NYC MC 8.52 8th floor, 1
2024-08-29 17:34:14, NYC Rock Center 8th floor, 1
2024-08-29 17:34:14, NYC Bryant Park 8th floor, 0
2024-08-29 17:34:14, NYC MC 9.52 9th floor, 0
2024-08-29 17:34:14, NYC Moma 9th floor, 0
2024-08-29 17:34:14, NYC Columbus Circle 9th floor, 0
2024-08-29 17:34:14, NYC MC 10.52 10th floor, 0
2024-08-29 17:34:14, NYC The Met 10th floor, 0
2024-08-29 17:34:14, NYC Apollo 10th floor, 0
2024-08-29 17:24:13, FL Fort Lauderdale Conf Room, 0
2024-08-29 17:24:13, Chicago Large Conf Room, 0
2024-08-29 17:24:13, Chicago Small Conf Room, 1
2024-08-29 17:24:13, MD Owing Mills Large Conf, 0
2024-08-29 17:24:13, MD Owing Mills Medium Conf, 0
2024-08-29 17:24:13, MD Owing Mills Small Conf, 0
2024-08-29 17:24:13, CA San Mateo, 0
2024-08-29 17:24:13, Dallas Training Room, 0
2024-08-29 17:24:13, Dallas Main Conference Room, 0
2024-08-29 17:24:13, Dallas JP Conference Room, 0
2024-08-29 17:24:13, Bangalore Eden, 0
2024-08-29 17:24:13, Bangalore CampNou, 0
2024-08-29 17:24:13, Bangalore SanSiro, 1
2024-08-29 17:24:13, Bangalore OldTrafford, 0
2024-08-29 17:24:13, Bangalore Anfield, 1
2024-08-29 17:24:13, Bangalore Guruku, 1
2024-08-29 17:24:13, CA La Jolla The Cove, 0
2024-08-29 17:24:13, CA La Jolla The Shores, 0
2024-08-29 17:24:13, MN Eiger Room, 0
2024-08-29 17:24:13, MN Glickman, 0
2024-08-29 17:24:13, MN Boardroom, 0
2024-08-29 17:24:13, MN Lurie Room MCC, 0
2024-08-29 17:24:13, NJ Woodcliff Lake New Jersey, 0
2024-08-29 17:24:13, Hyderabad Kakatiya Training Room, 1
2024-08-29 17:24:13, Hyderabad Koh-i-Noor, 0
2024-08-29 17:24:13, Hyderabad Falaknuma, 0
2024-08-29 17:24:13, FL West Palm Beach Large Tax Conference, 0
2024-08-29 17:24:13, FL West Palm Beach Audit Tax Conference, 1
2024-08-29 17:24:13, FL West Palm Beach WPB 10th Conf RM, 0
2024-08-29 17:24:13, NJ Mt. Laurel Conf Rm, 0
2024-08-29 17:24:13, NY Melville Conf RM 2.91, 0
2024-08-29 17:24:13, NY Melville Conf RM 2.90, 0
2024-08-29 17:24:13, NY Melville Conf RM 2.89, 0
2024-08-29 17:24:13, NY Melville Conf RM 2.14, 0
2024-08-29 17:24:13, Mumbai God Father, 0
2024-08-29 17:24:13, Mumbai Bond007, 0
2024-08-29 17:24:13, Mumbai Iron Man, 0
2024-08-29 17:24:13, Mumbai Darth Vader, 0
2024-08-29 17:24:13, Mumbai War Room, 0
2024-08-29 17:24:13, Mumbai Einstein, 1
2024-08-29 17:24:13, Mumbai Newton, 1
2024-08-29 17:24:13, PA Philly Conf 29E 55, 0
2024-08-29 17:24:13, PA Philly Conf 29W 24, 0
2024-08-29 17:24:13, PA Philly Conf 30E 55, 0
2024-08-29 17:24:13, PA Philly Conf 30E 02, 0
2024-08-29 17:24:13, PA Philly Conf 30W 09, 0
2024-08-29 17:24:13, NJ MP 6002 6th floor, 0
2024-08-29 17:24:13, NJ MP 6003 6th floor, 1
2024-08-29 17:24:13, NJ MP 6107 6th floor, 0
2024-08-29 17:24:13, NJ MP 6203 6th floor, 0
2024-08-29 17:24:13, NJ MP 6255 6th floor, 0
2024-08-29 17:24:13, NJ MP 6309 6th floor, 0
2024-08-29 17:24:13, NJ MP 6310 6th floor, 0
2024-08-29 17:24:13, NJ MP 7107 7th floor, 0
2024-08-29 17:24:13, NJ MP 7201 7th floor, 1
2024-08-29 17:24:13, NJ MP 7202 7th floor, 0
2024-08-29 17:24:13, NJ MP 7310 7th floor, 0
2024-08-29 17:24:13, NJ MP 7366 7th floor, 0
2024-08-29 17:24:13, NJ MP 8309 8th floor, 0
2024-08-29 17:24:13, NJ MP 8322 8th floor, 0
2024-08-29 17:24:13, NJ MP TR B 1st floor, 1
2024-08-29 17:24:13, NJ MP TR A 1st floor, 1
2024-08-29 17:24:13, NJ Metropark Boardroom 6th floor, 0
2024-08-29 17:24:13, NYC MC 6.52 6th floor, 1
2024-08-29 17:24:13, NYC Liberty 6th floor, 0
2024-08-29 17:24:13, NYC Wall St 6th floor, 0
2024-08-29 17:24:13, NYC Grammercy 7th floor, 0
2024-08-29 17:24:13, NYC MC 7.85 7th floor, 0
2024-08-29 17:24:13, NYC High Line 7th floor, 0
2024-08-29 17:24:13, NYC Union Square 7th floor, 0
2024-08-29 17:24:13, NYC MC 8.52 8th floor, 1
2024-08-29 17:24:13, NYC Rock Center 8th floor, 1
2024-08-29 17:24:13, NYC Bryant Park 8th floor, 0
2024-08-29 17:24:13, NYC MC 9.52 9th floor, 0
2024-08-29 17:24:13, NYC Moma 9th floor, 0
2024-08-29 17:24:13, NYC Columbus Circle 9th floor, 0
2024-08-29 17:24:13, NYC MC 10.52 10th floor, 0
2024-08-29 17:24:13, NYC The Met 10th floor, 0
2024-08-29 17:24:13, NYC Apollo 10th floor, 0
2024-08-29 17:14:12, FL Fort Lauderdale Conf Room, 0
2024-08-29 17:14:12, Chicago Large Conf Room, 0
2024-08-29 17:14:12, Chicago Small Conf Room, 1
2024-08-29 17:14:12, MD Owing Mills Large Conf, 0
2024-08-29 17:14:12, MD Owing Mills Medium Conf, 0
2024-08-29 17:14:12, MD Owing Mills Small Conf, 0
2024-08-29 17:14:12, CA San Mateo, 0
2024-08-29 17:14:12, Dallas Training Room, 0
2024-08-29 17:14:12, Dallas Main Conference Room, 0
2024-08-29 17:14:12, Dallas JP Conference Room, 0
2024-08-29 17:14:12, Bangalore Eden, 0
2024-08-29 17:14:12, Bangalore CampNou, 0
2024-08-29 17:14:12, Bangalore SanSiro, 1
2024-08-29 17:14:12, Bangalore OldTrafford, 0
2024-08-29 17:14:12, Bangalore Anfield, 1
2024-08-29 17:14:12, Bangalore Guruku, 1
2024-08-29 17:14:12, CA La Jolla The Cove, 0
2024-08-29 17:14:12, CA La Jolla The Shores, 0
2024-08-29 17:14:12, MN Eiger Room, 0
2024-08-29 17:14:12, MN Glickman, 0
2024-08-29 17:14:12, MN Boardroom, 0
2024-08-29 17:14:12, MN Lurie Room MCC, 0
2024-08-29 17:14:12, NJ Woodcliff Lake New Jersey, 0
2024-08-29 17:14:12, Hyderabad Kakatiya Training Room, 1
2024-08-29 17:14:12, Hyderabad Koh-i-Noor, 0
2024-08-29 17:14:12, Hyderabad Falaknuma, 0
2024-08-29 17:14:12, FL West Palm Beach Large Tax Conference, 0
2024-08-29 17:14:12, FL West Palm Beach Audit Tax Conference, 1
2024-08-29 17:14:12, FL West Palm Beach WPB 10th Conf RM, 0
2024-08-29 17:14:12, NJ Mt. Laurel Conf Rm, 0
2024-08-29 17:14:12, NY Melville Conf RM 2.91, 0
2024-08-29 17:14:12, NY Melville Conf RM 2.90, 0
2024-08-29 17:14:12, NY Melville Conf RM 2.89, 0
2024-08-29 17:14:12, NY Melville Conf RM 2.14, 0
2024-08-29 17:14:12, Mumbai God Father, 0
2024-08-29 17:14:12, Mumbai Bond007, 0
2024-08-29 17:14:12, Mumbai Iron Man, 0
2024-08-29 17:14:12, Mumbai Darth Vader, 0
2024-08-29 17:14:12, Mumbai War Room, 0
2024-08-29 17:14:12, Mumbai Einstein, 1
2024-08-29 17:14:12, Mumbai Newton, 1
2024-08-29 17:14:12, PA Philly Conf 29E 55, 0
2024-08-29 17:14:12, PA Philly Conf 29W 24, 0
2024-08-29 17:14:12, PA Philly Conf 30E 55, 0
2024-08-29 17:14:12, PA Philly Conf 30E 02, 0
2024-08-29 17:14:12, PA Philly Conf 30W 09, 0
2024-08-29 17:14:12, NJ MP 6002 6th floor, 0
2024-08-29 17:14:12, NJ MP 6003 6th floor, 1
2024-08-29 17:14:12, NJ MP 6107 6th floor, 0
2024-08-29 17:14:12, NJ MP 6203 6th floor, 0
2024-08-29 17:14:12, NJ MP 6255 6th floor, 0
2024-08-29 17:14:12, NJ MP 6309 6th floor, 0
2024-08-29 17:14:12, NJ MP 6310 6th floor, 0
2024-08-29 17:14:12, NJ MP 7107 7th floor, 0
2024-08-29 17:14:12, NJ MP 7201 7th floor, 1
2024-08-29 17:14:12, NJ MP 7202 7th floor, 0
2024-08-29 17:14:12, NJ MP 7310 7th floor, 0
2024-08-29 17:14:12, NJ MP 7366 7th floor, 0
2024-08-29 17:14:12, NJ MP 8309 8th floor, 0
2024-08-29 17:14:12, NJ MP 8322 8th floor, 0
2024-08-29 17:14:12, NJ MP TR B 1st floor, 1
2024-08-29 17:14:12, NJ MP TR A 1st floor, 1
2024-08-29 17:14:12, NJ Metropark Boardroom 6th floor, 0
2024-08-29 17:14:12, NYC MC 6.52 6th floor, 1
2024-08-29 17:14:12, NYC Liberty 6th floor, 0
2024-08-29 17:14:12, NYC Wall St 6th floor, 0
2024-08-29 17:14:12, NYC Grammercy 7th floor, 0
2024-08-29 17:14:12, NYC MC 7.85 7th floor, 0
2024-08-29 17:14:12, NYC High Line 7th floor, 0
2024-08-29 17:14:12, NYC Union Square 7th floor, 0
2024-08-29 17:14:12, NYC MC 8.52 8th floor, 1
2024-08-29 17:14:12, NYC Rock Center 8th floor, 1
2024-08-29 17:14:12, NYC Bryant Park 8th floor, 0
2024-08-29 17:14:12, NYC MC 9.52 9th floor, 0
2024-08-29 17:14:12, NYC Moma 9th floor, 0
2024-08-29 17:14:12, NYC Columbus Circle 9th floor, 0
2024-08-29 17:14:12, NYC MC 10.52 10th floor, 0
2024-08-29 17:14:12, NYC The Met 10th floor, 0
2024-08-29 17:14:12, NYC Apollo 10th floor, 0
2024-08-29 17:04:15, FL Fort Lauderdale Conf Room, 0
2024-08-29 17:04:15, Chicago Large Conf Room, 0
2024-08-29 17:04:15, Chicago Small Conf Room, 1
2024-08-29 17:04:15, MD Owing Mills Large Conf, 0
2024-08-29 17:04:15, MD Owing Mills Medium Conf, 0
2024-08-29 17:04:15, MD Owing Mills Small Conf, 0
2024-08-29 17:04:15, CA San Mateo, 0
2024-08-29 17:04:15, Dallas Training Room, 0
2024-08-29 17:04:15, Dallas Main Conference Room, 0
2024-08-29 17:04:15, Dallas JP Conference Room, 0
2024-08-29 17:04:15, Bangalore Eden, 0
2024-08-29 17:04:15, Bangalore CampNou, 0
2024-08-29 17:04:15, Bangalore SanSiro, 1
2024-08-29 17:04:15, Bangalore OldTrafford, 0
2024-08-29 17:04:15, Bangalore Anfield, 1
2024-08-29 17:04:15, Bangalore Guruku, 1
2024-08-29 17:04:15, CA La Jolla The Cove, 0
2024-08-29 17:04:15, CA La Jolla The Shores, 0
2024-08-29 17:04:15, MN Eiger Room, 0
2024-08-29 17:04:15, MN Glickman, 0
2024-08-29 17:04:15, MN Boardroom, 0
2024-08-29 17:04:15, MN Lurie Room MCC, 0
2024-08-29 17:04:15, NJ Woodcliff Lake New Jersey, 0
2024-08-29 17:04:15, Hyderabad Kakatiya Training Room, 1
2024-08-29 17:04:15, Hyderabad Koh-i-Noor, 0
2024-08-29 17:04:15, Hyderabad Falaknuma, 0
2024-08-29 17:04:15, FL West Palm Beach Large Tax Conference, 0
2024-08-29 17:04:15, FL West Palm Beach Audit Tax Conference, 1
2024-08-29 17:04:15, FL West Palm Beach WPB 10th Conf RM, 0
2024-08-29 17:04:15, NJ Mt. Laurel Conf Rm, 0
2024-08-29 17:04:15, NY Melville Conf RM 2.91, 0
2024-08-29 17:04:15, NY Melville Conf RM 2.90, 0
2024-08-29 17:04:15, NY Melville Conf RM 2.89, 0
2024-08-29 17:04:15, NY Melville Conf RM 2.14, 0
2024-08-29 17:04:15, Mumbai God Father, 0
2024-08-29 17:04:15, Mumbai Bond007, 0
2024-08-29 17:04:15, Mumbai Iron Man, 0
2024-08-29 17:04:15, Mumbai Darth Vader, 0
2024-08-29 17:04:15, Mumbai War Room, 0
2024-08-29 17:04:15, Mumbai Einstein, 1
2024-08-29 17:04:15, Mumbai Newton, 1
2024-08-29 17:04:15, PA Philly Conf 29E 55, 0
2024-08-29 17:04:15, PA Philly Conf 29W 24, 0
2024-08-29 17:04:15, PA Philly Conf 30E 55, 0
2024-08-29 17:04:15, PA Philly Conf 30E 02, 0
2024-08-29 17:04:15, PA Philly Conf 30W 09, 0
2024-08-29 17:04:15, NJ MP 6002 6th floor, 0
2024-08-29 17:04:15, NJ MP 6003 6th floor, 1
2024-08-29 17:04:15, NJ MP 6107 6th floor, 0
2024-08-29 17:04:15, NJ MP 6203 6th floor, 0
2024-08-29 17:04:15, NJ MP 6255 6th floor, 0
2024-08-29 17:04:15, NJ MP 6309 6th floor, 0
2024-08-29 17:04:15, NJ MP 6310 6th floor, 0
2024-08-29 17:04:15, NJ MP 7107 7th floor, 0
2024-08-29 17:04:15, NJ MP 7201 7th floor, 1
2024-08-29 17:04:15, NJ MP 7202 7th floor, 0
2024-08-29 17:04:15, NJ MP 7310 7th floor, 0
2024-08-29 17:04:15, NJ MP 7366 7th floor, 0
2024-08-29 17:04:15, NJ MP 8309 8th floor, 0
2024-08-29 17:04:15, NJ MP 8322 8th floor, 0
2024-08-29 17:04:15, NJ MP TR B 1st floor, 1
2024-08-29 17:04:15, NJ MP TR A 1st floor, 1
2024-08-29 17:04:15, NJ Metropark Boardroom 6th floor, 0
2024-08-29 17:04:15, NYC MC 6.52 6th floor, 1
2024-08-29 17:04:15, NYC Liberty 6th floor, 0
2024-08-29 17:04:15, NYC Wall St 6th floor, 0
2024-08-29 17:04:15, NYC Grammercy 7th floor, 0
2024-08-29 17:04:15, NYC MC 7.85 7th floor, 0
2024-08-29 17:04:15, NYC High Line 7th floor, 0
2024-08-29 17:04:15, NYC Union Square 7th floor, 0
2024-08-29 17:04:15, NYC MC 8.52 8th floor, 1
2024-08-29 17:04:15, NYC Rock Center 8th floor, 1
2024-08-29 17:04:15, NYC Bryant Park 8th floor, 0
2024-08-29 17:04:15, NYC MC 9.52 9th floor, 0
2024-08-29 17:04:15, NYC Moma 9th floor, 0
2024-08-29 17:04:15, NYC Columbus Circle 9th floor, 0
2024-08-29 17:04:15, NYC MC 10.52 10th floor, 0
2024-08-29 17:04:15, NYC The Met 10th floor, 0
2024-08-29 17:04:15, NYC Apollo 10th floor, 0
2024-08-29 16:54:14, FL Fort Lauderdale Conf Room, 0
2024-08-29 16:54:14, Chicago Large Conf Room, 0
2024-08-29 16:54:14, Chicago Small Conf Room, 1
2024-08-29 16:54:14, MD Owing Mills Large Conf, 0
2024-08-29 16:54:14, MD Owing Mills Medium Conf, 0
2024-08-29 16:54:14, MD Owing Mills Small Conf, 0
2024-08-29 16:54:14, CA San Mateo, 0
2024-08-29 16:54:14, Dallas Training Room, 0
2024-08-29 16:54:14, Dallas Main Conference Room, 0
2024-08-29 16:54:14, Dallas JP Conference Room, 0
2024-08-29 16:54:14, Bangalore Eden, 0
2024-08-29 16:54:14, Bangalore CampNou, 0
2024-08-29 16:54:14, Bangalore SanSiro, 1
2024-08-29 16:54:14, Bangalore OldTrafford, 0
2024-08-29 16:54:14, Bangalore Anfield, 1
2024-08-29 16:54:14, Bangalore Guruku, 1
2024-08-29 16:54:14, CA La Jolla The Cove, 0
2024-08-29 16:54:14, CA La Jolla The Shores, 0
2024-08-29 16:54:14, MN Eiger Room, 0
2024-08-29 16:54:14, MN Glickman, 0
2024-08-29 16:54:14, MN Boardroom, 0
2024-08-29 16:54:14, MN Lurie Room MCC, 0
2024-08-29 16:54:14, NJ Woodcliff Lake New Jersey, 0
2024-08-29 16:54:14, Hyderabad Kakatiya Training Room, 1
2024-08-29 16:54:14, Hyderabad Koh-i-Noor, 0
2024-08-29 16:54:14, Hyderabad Falaknuma, 0
2024-08-29 16:54:14, FL West Palm Beach Large Tax Conference, 0
2024-08-29 16:54:14, FL West Palm Beach Audit Tax Conference, 1
2024-08-29 16:54:14, FL West Palm Beach WPB 10th Conf RM, 0
2024-08-29 16:54:14, NJ Mt. Laurel Conf Rm, 0
2024-08-29 16:54:14, NY Melville Conf RM 2.91, 0
2024-08-29 16:54:14, NY Melville Conf RM 2.90, 0
2024-08-29 16:54:14, NY Melville Conf RM 2.89, 0
2024-08-29 16:54:14, NY Melville Conf RM 2.14, 0
2024-08-29 16:54:14, Mumbai God Father, 0
2024-08-29 16:54:14, Mumbai Bond007, 0
2024-08-29 16:54:14, Mumbai Iron Man, 0
2024-08-29 16:54:14, Mumbai Darth Vader, 0
2024-08-29 16:54:14, Mumbai War Room, 0
2024-08-29 16:54:14, Mumbai Einstein, 1
2024-08-29 16:54:14, Mumbai Newton, 1
2024-08-29 16:54:14, PA Philly Conf 29E 55, 0
2024-08-29 16:54:14, PA Philly Conf 29W 24, 0
2024-08-29 16:54:14, PA Philly Conf 30E 55, 0
2024-08-29 16:54:14, PA Philly Conf 30E 02, 0
2024-08-29 16:54:14, PA Philly Conf 30W 09, 0
2024-08-29 16:54:14, NJ MP 6002 6th floor, 0
2024-08-29 16:54:14, NJ MP 6003 6th floor, 1
2024-08-29 16:54:14, NJ MP 6107 6th floor, 0
2024-08-29 16:54:14, NJ MP 6203 6th floor, 0
2024-08-29 16:54:14, NJ MP 6255 6th floor, 0
2024-08-29 16:54:14, NJ MP 6309 6th floor, 0
2024-08-29 16:54:14, NJ MP 6310 6th floor, 0
2024-08-29 16:54:14, NJ MP 7107 7th floor, 0
2024-08-29 16:54:14, NJ MP 7201 7th floor, 1
2024-08-29 16:54:14, NJ MP 7202 7th floor, 0
2024-08-29 16:54:14, NJ MP 7310 7th floor, 0
2024-08-29 16:54:14, NJ MP 7366 7th floor, 0
2024-08-29 16:54:14, NJ MP 8309 8th floor, 0
2024-08-29 16:54:14, NJ MP 8322 8th floor, 0
2024-08-29 16:54:14, NJ MP TR B 1st floor, 1
2024-08-29 16:54:14, NJ MP TR A 1st floor, 1
2024-08-29 16:54:14, NJ Metropark Boardroom 6th floor, 0
2024-08-29 16:54:14, NYC MC 6.52 6th floor, 1
2024-08-29 16:54:14, NYC Liberty 6th floor, 0
2024-08-29 16:54:14, NYC Wall St 6th floor, 0
2024-08-29 16:54:14, NYC Grammercy 7th floor, 0
2024-08-29 16:54:14, NYC MC 7.85 7th floor, 0
2024-08-29 16:54:14, NYC High Line 7th floor, 0
2024-08-29 16:54:14, NYC Union Square 7th floor, 0
2024-08-29 16:54:14, NYC MC 8.52 8th floor, 1
2024-08-29 16:54:14, NYC Rock Center 8th floor, 1
2024-08-29 16:54:14, NYC Bryant Park 8th floor, 0
2024-08-29 16:54:14, NYC MC 9.52 9th floor, 0
2024-08-29 16:54:14, NYC Moma 9th floor, 0
2024-08-29 16:54:14, NYC Columbus Circle 9th floor, 0
2024-08-29 16:54:14, NYC MC 10.52 10th floor, 0
2024-08-29 16:54:14, NYC The Met 10th floor, 0
2024-08-29 16:54:14, NYC Apollo 10th floor, 0
2024-08-29 16:44:13, FL Fort Lauderdale Conf Room, 0
2024-08-29 16:44:13, Chicago Large Conf Room, 0
2024-08-29 16:44:13, Chicago Small Conf Room, 1
2024-08-29 16:44:13, MD Owing Mills Large Conf, 0
2024-08-29 16:44:13, MD Owing Mills Medium Conf, 0
2024-08-29 16:44:13, MD Owing Mills Small Conf, 0
2024-08-29 16:44:13, CA San Mateo, 0
2024-08-29 16:44:13, Dallas Training Room, 0
2024-08-29 16:44:13, Dallas Main Conference Room, 0
2024-08-29 16:44:13, Dallas JP Conference Room, 0
2024-08-29 16:44:13, Bangalore Eden, 0
2024-08-29 16:44:13, Bangalore CampNou, 0
2024-08-29 16:44:13, Bangalore SanSiro, 1
2024-08-29 16:44:13, Bangalore OldTrafford, 0
2024-08-29 16:44:13, Bangalore Anfield, 1
2024-08-29 16:44:13, Bangalore Guruku, 1
2024-08-29 16:44:13, CA La Jolla The Cove, 0
2024-08-29 16:44:13, CA La Jolla The Shores, 0
2024-08-29 16:44:13, MN Eiger Room, 0
2024-08-29 16:44:13, MN Glickman, 0
2024-08-29 16:44:13, MN Boardroom, 0
2024-08-29 16:44:13, MN Lurie Room MCC, 0
2024-08-29 16:44:13, NJ Woodcliff Lake New Jersey, 0
2024-08-29 16:44:13, Hyderabad Kakatiya Training Room, 1
2024-08-29 16:44:13, Hyderabad Koh-i-Noor, 0
2024-08-29 16:44:13, Hyderabad Falaknuma, 0
2024-08-29 16:44:13, FL West Palm Beach Large Tax Conference, 0
2024-08-29 16:44:13, FL West Palm Beach Audit Tax Conference, 1
2024-08-29 16:44:13, FL West Palm Beach WPB 10th Conf RM, 0
2024-08-29 16:44:13, NJ Mt. Laurel Conf Rm, 0
2024-08-29 16:44:13, NY Melville Conf RM 2.91, 0
2024-08-29 16:44:13, NY Melville Conf RM 2.90, 0
2024-08-29 16:44:13, NY Melville Conf RM 2.89, 0
2024-08-29 16:44:13, NY Melville Conf RM 2.14, 0
2024-08-29 16:44:13, Mumbai God Father, 0
2024-08-29 16:44:13, Mumbai Bond007, 0
2024-08-29 16:44:13, Mumbai Iron Man, 0
2024-08-29 16:44:13, Mumbai Darth Vader, 0
2024-08-29 16:44:13, Mumbai War Room, 0
2024-08-29 16:44:13, Mumbai Einstein, 1
2024-08-29 16:44:13, Mumbai Newton, 1
2024-08-29 16:44:13, PA Philly Conf 29E 55, 0
2024-08-29 16:44:13, PA Philly Conf 29W 24, 0
2024-08-29 16:44:13, PA Philly Conf 30E 55, 0
2024-08-29 16:44:13, PA Philly Conf 30E 02, 0
2024-08-29 16:44:13, PA Philly Conf 30W 09, 0
2024-08-29 16:44:13, NJ MP 6002 6th floor, 0
2024-08-29 16:44:13, NJ MP 6003 6th floor, 1
2024-08-29 16:44:13, NJ MP 6107 6th floor, 0
2024-08-29 16:44:13, NJ MP 6203 6th floor, 0
2024-08-29 16:44:13, NJ MP 6255 6th floor, 0
2024-08-29 16:44:13, NJ MP 6309 6th floor, 0
2024-08-29 16:44:13, NJ MP 6310 6th floor, 0
2024-08-29 16:44:13, NJ MP 7107 7th floor, 0
2024-08-29 16:44:13, NJ MP 7201 7th floor, 1
2024-08-29 16:44:13, NJ MP 7202 7th floor, 0
2024-08-29 16:44:13, NJ MP 7310 7th floor, 0
2024-08-29 16:44:13, NJ MP 7366 7th floor, 0
2024-08-29 16:44:13, NJ MP 8309 8th floor, 0
2024-08-29 16:44:13, NJ MP 8322 8th floor, 0
2024-08-29 16:44:13, NJ MP TR B 1st floor, 1
2024-08-29 16:44:13, NJ MP TR A 1st floor, 1
2024-08-29 16:44:13, NJ Metropark Boardroom 6th floor, 0
2024-08-29 16:44:13, NYC MC 6.52 6th floor, 1
2024-08-29 16:44:13, NYC Liberty 6th floor, 0
2024-08-29 16:44:13, NYC Wall St 6th floor, 0
2024-08-29 16:44:13, NYC Grammercy 7th floor, 0
2024-08-29 16:44:13, NYC MC 7.85 7th floor, 0
2024-08-29 16:44:13, NYC High Line 7th floor, 0
2024-08-29 16:44:13, NYC Union Square 7th floor, 0
2024-08-29 16:44:13, NYC MC 8.52 8th floor, 1
2024-08-29 16:44:13, NYC Rock Center 8th floor, 1
2024-08-29 16:44:13, NYC Bryant Park 8th floor, 0
2024-08-29 16:44:13, NYC MC 9.52 9th floor, 0
2024-08-29 16:44:13, NYC Moma 9th floor, 0
2024-08-29 16:44:13, NYC Columbus Circle 9th floor, 0
2024-08-29 16:44:13, NYC MC 10.52 10th floor, 0
2024-08-29 16:44:13, NYC The Met 10th floor, 0
2024-08-29 16:44:13, NYC Apollo 10th floor, 0
2024-08-29 16:34:15, FL Fort Lauderdale Conf Room, 0
2024-08-29 16:34:15, Chicago Large Conf Room, 0
2024-08-29 16:34:15, Chicago Small Conf Room, 1
2024-08-29 16:34:15, MD Owing Mills Large Conf, 0
2024-08-29 16:34:15, MD Owing Mills Medium Conf, 0
2024-08-29 16:34:15, MD Owing Mills Small Conf, 0
2024-08-29 16:34:15, CA San Mateo, 0
2024-08-29 16:34:15, Dallas Training Room, 0
2024-08-29 16:34:15, Dallas Main Conference Room, 0
2024-08-29 16:34:15, Dallas JP Conference Room, 0
2024-08-29 16:34:15, Bangalore Eden, 0
2024-08-29 16:34:15, Bangalore CampNou, 0
2024-08-29 16:34:15, Bangalore SanSiro, 1
2024-08-29 16:34:15, Bangalore OldTrafford, 0
2024-08-29 16:34:15, Bangalore Anfield, 1
2024-08-29 16:34:15, Bangalore Guruku, 1
2024-08-29 16:34:15, CA La Jolla The Cove, 0
2024-08-29 16:34:15, CA La Jolla The Shores, 0
2024-08-29 16:34:15, MN Eiger Room, 0
2024-08-29 16:34:15, MN Glickman, 0
2024-08-29 16:34:15, MN Boardroom, 0
2024-08-29 16:34:15, MN Lurie Room MCC, 0
2024-08-29 16:34:15, NJ Woodcliff Lake New Jersey, 0
2024-08-29 16:34:15, Hyderabad Kakatiya Training Room, 1
2024-08-29 16:34:15, Hyderabad Koh-i-Noor, 0
2024-08-29 16:34:15, Hyderabad Falaknuma, 0
2024-08-29 16:34:15, FL West Palm Beach Large Tax Conference, 0
2024-08-29 16:34:15, FL West Palm Beach Audit Tax Conference, 1
2024-08-29 16:34:15, FL West Palm Beach WPB 10th Conf RM, 0
2024-08-29 16:34:15, NJ Mt. Laurel Conf Rm, 0
2024-08-29 16:34:15, NY Melville Conf RM 2.91, 0
2024-08-29 16:34:15, NY Melville Conf RM 2.90, 0
2024-08-29 16:34:15, NY Melville Conf RM 2.89, 0
2024-08-29 16:34:15, NY Melville Conf RM 2.14, 0
2024-08-29 16:34:15, Mumbai God Father, 0
2024-08-29 16:34:15, Mumbai Bond007, 0
2024-08-29 16:34:15, Mumbai Iron Man, 0
2024-08-29 16:34:15, Mumbai Darth Vader, 0
2024-08-29 16:34:15, Mumbai War Room, 0
2024-08-29 16:34:15, Mumbai Einstein, 1
2024-08-29 16:34:15, Mumbai Newton, 1
2024-08-29 16:34:15, PA Philly Conf 29E 55, 0
2024-08-29 16:34:15, PA Philly Conf 29W 24, 0
2024-08-29 16:34:15, PA Philly Conf 30E 55, 0
2024-08-29 16:34:15, PA Philly Conf 30E 02, 0
2024-08-29 16:34:15, PA Philly Conf 30W 09, 0
2024-08-29 16:34:15, NJ MP 6002 6th floor, 0
2024-08-29 16:34:15, NJ MP 6003 6th floor, 1
2024-08-29 16:34:15, NJ MP 6107 6th floor, 0
2024-08-29 16:34:15, NJ MP 6203 6th floor, 0
2024-08-29 16:34:15, NJ MP 6255 6th floor, 0
2024-08-29 16:34:15, NJ MP 6309 6th floor, 0
2024-08-29 16:34:15, NJ MP 6310 6th floor, 0
2024-08-29 16:34:15, NJ MP 7107 7th floor, 0
2024-08-29 16:34:15, NJ MP 7201 7th floor, 1
2024-08-29 16:34:15, NJ MP 7202 7th floor, 0
2024-08-29 16:34:15, NJ MP 7310 7th floor, 0
2024-08-29 16:34:15, NJ MP 7366 7th floor, 0
2024-08-29 16:34:15, NJ MP 8309 8th floor, 0
2024-08-29 16:34:15, NJ MP 8322 8th floor, 0
2024-08-29 16:34:15, NJ MP TR B 1st floor, 1
2024-08-29 16:34:15, NJ MP TR A 1st floor, 1
2024-08-29 16:34:15, NJ Metropark Boardroom 6th floor, 0
2024-08-29 16:34:15, NYC MC 6.52 6th floor, 1
2024-08-29 16:34:15, NYC Liberty 6th floor, 0
2024-08-29 16:34:15, NYC Wall St 6th floor, 0
2024-08-29 16:34:15, NYC Grammercy 7th floor, 0
2024-08-29 16:34:15, NYC MC 7.85 7th floor, 0
2024-08-29 16:34:15, NYC High Line 7th floor, 0
2024-08-29 16:34:15, NYC Union Square 7th floor, 0
2024-08-29 16:34:15, NYC MC 8.52 8th floor, 1
2024-08-29 16:34:15, NYC Rock Center 8th floor, 1
2024-08-29 16:34:15, NYC Bryant Park 8th floor, 0
2024-08-29 16:34:15, NYC MC 9.52 9th floor, 0
2024-08-29 16:34:15, NYC Moma 9th floor, 0
2024-08-29 16:34:15, NYC Columbus Circle 9th floor, 0
2024-08-29 16:34:15, NYC MC 10.52 10th floor, 0
2024-08-29 16:34:15, NYC The Met 10th floor, 0
2024-08-29 16:34:15, NYC Apollo 10th floor, 0
2024-08-29 16:34:14, FL Fort Lauderdale Conf Room, 0
2024-08-29 16:34:14, Chicago Large Conf Room, 0
2024-08-29 16:34:14, Chicago Small Conf Room, 1
2024-08-29 16:34:14, MD Owing Mills Large Conf, 0
2024-08-29 16:34:14, MD Owing Mills Medium Conf, 0
2024-08-29 16:34:14, MD Owing Mills Small Conf, 0
2024-08-29 16:34:14, CA San Mateo, 0
2024-08-29 16:34:14, Dallas Training Room, 0
2024-08-29 16:34:14, Dallas Main Conference Room, 0
2024-08-29 16:34:14, Dallas JP Conference Room, 0
2024-08-29 16:34:14, Bangalore Eden, 0
2024-08-29 16:34:14, Bangalore CampNou, 0
2024-08-29 16:34:14, Bangalore SanSiro, 1
2024-08-29 16:34:14, Bangalore OldTrafford, 0
2024-08-29 16:34:14, Bangalore Anfield, 1
2024-08-29 16:34:14, Bangalore Guruku, 1
2024-08-29 16:34:14, CA La Jolla The Cove, 0
2024-08-29 16:34:14, CA La Jolla The Shores, 0
2024-08-29 16:34:14, MN Eiger Room, 0
2024-08-29 16:34:14, MN Glickman, 0
2024-08-29 16:34:14, MN Boardroom, 0
2024-08-29 16:34:14, MN Lurie Room MCC, 0
2024-08-29 16:34:14, NJ Woodcliff Lake New Jersey, 0
2024-08-29 16:34:14, Hyderabad Kakatiya Training Room, 1
2024-08-29 16:34:14, Hyderabad Koh-i-Noor, 0
2024-08-29 16:34:14, Hyderabad Falaknuma, 0
2024-08-29 16:34:14, FL West Palm Beach Large Tax Conference, 0
2024-08-29 16:34:14, FL West Palm Beach Audit Tax Conference, 1
2024-08-29 16:34:14, FL West Palm Beach WPB 10th Conf RM, 0
2024-08-29 16:34:14, NJ Mt. Laurel Conf Rm, 0
2024-08-29 16:34:14, NY Melville Conf RM 2.91, 0
2024-08-29 16:34:14, NY Melville Conf RM 2.90, 0
2024-08-29 16:34:14, NY Melville Conf RM 2.89, 0
2024-08-29 16:34:14, NY Melville Conf RM 2.14, 0
2024-08-29 16:34:14, Mumbai God Father, 0
2024-08-29 16:34:14, Mumbai Bond007, 0
2024-08-29 16:34:14, Mumbai Iron Man, 0
2024-08-29 16:34:14, Mumbai Darth Vader, 0
2024-08-29 16:34:14, Mumbai War Room, 0
2024-08-29 16:34:14, Mumbai Einstein, 1
2024-08-29 16:34:14, Mumbai Newton, 1
2024-08-29 16:34:14, PA Philly Conf 29E 55, 0
2024-08-29 16:34:14, PA Philly Conf 29W 24, 0
2024-08-29 16:34:14, PA Philly Conf 30E 55, 0
2024-08-29 16:34:14, PA Philly Conf 30E 02, 0
2024-08-29 16:34:14, PA Philly Conf 30W 09, 0
2024-08-29 16:34:14, NJ MP 6002 6th floor, 0
2024-08-29 16:34:14, NJ MP 6003 6th floor, 1
2024-08-29 16:34:14, NJ MP 6107 6th floor, 0
2024-08-29 16:34:14, NJ MP 6203 6th floor, 0
2024-08-29 16:34:14, NJ MP 6255 6th floor, 0
2024-08-29 16:34:14, NJ MP 6309 6th floor, 0
2024-08-29 16:34:14, NJ MP 6310 6th floor, 0
2024-08-29 16:34:14, NJ MP 7107 7th floor, 0
2024-08-29 16:34:14, NJ MP 7201 7th floor, 1
2024-08-29 16:34:14, NJ MP 7202 7th floor, 0
2024-08-29 16:34:14, NJ MP 7310 7th floor, 0
2024-08-29 16:34:14, NJ MP 7366 7th floor, 0
2024-08-29 16:34:14, NJ MP 8309 8th floor, 0
2024-08-29 16:34:14, NJ MP 8322 8th floor, 0
2024-08-29 16:34:14, NJ MP TR B 1st floor, 1
2024-08-29 16:34:14, NJ MP TR A 1st floor, 1
2024-08-29 16:34:14, NJ Metropark Boardroom 6th floor, 0
2024-08-29 16:34:14, NYC MC 6.52 6th floor, 1
2024-08-29 16:34:14, NYC Liberty 6th floor, 0
2024-08-29 16:34:14, NYC Wall St 6th floor, 0
2024-08-29 16:34:14, NYC Grammercy 7th floor, 0
2024-08-29 16:34:14, NYC MC 7.85 7th floor, 0
2024-08-29 16:34:14, NYC High Line 7th floor, 0
2024-08-29 16:34:14, NYC Union Square 7th floor, 0
2024-08-29 16:34:14, NYC MC 8.52 8th floor, 1
2024-08-29 16:34:14, NYC Rock Center 8th floor, 1
2024-08-29 16:34:14, NYC Bryant Park 8th floor, 0
2024-08-29 16:34:14, NYC MC 9.52 9th floor, 0
2024-08-29 16:34:14, NYC Moma 9th floor, 0
2024-08-29 16:34:14, NYC Columbus Circle 9th floor, 0
2024-08-29 16:34:14, NYC MC 10.52 10th floor, 0
2024-08-29 16:34:14, NYC The Met 10th floor, 0
2024-08-29 16:34:14, NYC Apollo 10th floor, 0
2024-08-29 16:24:13, FL Fort Lauderdale Conf Room, 0
2024-08-29 16:24:13, Chicago Large Conf Room, 0
2024-08-29 16:24:13, Chicago Small Conf Room, 1
2024-08-29 16:24:13, MD Owing Mills Large Conf, 0
2024-08-29 16:24:13, MD Owing Mills Medium Conf, 0
2024-08-29 16:24:13, MD Owing Mills Small Conf, 0
2024-08-29 16:24:13, CA San Mateo, 0
2024-08-29 16:24:13, Dallas Training Room, 0
2024-08-29 16:24:13, Dallas Main Conference Room, 0
2024-08-29 16:24:13, Dallas JP Conference Room, 0
2024-08-29 16:24:13, Bangalore Eden, 0
2024-08-29 16:24:13, Bangalore CampNou, 0
2024-08-29 16:24:13, Bangalore SanSiro, 1
2024-08-29 16:24:13, Bangalore OldTrafford, 0
2024-08-29 16:24:13, Bangalore Anfield, 1
2024-08-29 16:24:13, Bangalore Guruku, 1
2024-08-29 16:24:13, CA La Jolla The Cove, 0
2024-08-29 16:24:13, CA La Jolla The Shores, 0
2024-08-29 16:24:13, MN Eiger Room, 0
2024-08-29 16:24:13, MN Glickman, 0
2024-08-29 16:24:13, MN Boardroom, 0
2024-08-29 16:24:13, MN Lurie Room MCC, 0
2024-08-29 16:24:13, NJ Woodcliff Lake New Jersey, 0
2024-08-29 16:24:13, Hyderabad Kakatiya Training Room, 1
2024-08-29 16:24:13, Hyderabad Koh-i-Noor, 0
2024-08-29 16:24:13, Hyderabad Falaknuma, 0
2024-08-29 16:24:13, FL West Palm Beach Large Tax Conference, 0
2024-08-29 16:24:13, FL West Palm Beach Audit Tax Conference, 1
2024-08-29 16:24:13, FL West Palm Beach WPB 10th Conf RM, 0
2024-08-29 16:24:13, NJ Mt. Laurel Conf Rm, 0
2024-08-29 16:24:13, NY Melville Conf RM 2.91, 0
2024-08-29 16:24:13, NY Melville Conf RM 2.90, 0
2024-08-29 16:24:13, NY Melville Conf RM 2.89, 0
2024-08-29 16:24:13, NY Melville Conf RM 2.14, 0
2024-08-29 16:24:13, Mumbai God Father, 0
2024-08-29 16:24:13, Mumbai Bond007, 0
2024-08-29 16:24:13, Mumbai Iron Man, 0
2024-08-29 16:24:13, Mumbai Darth Vader, 0
2024-08-29 16:24:13, Mumbai War Room, 0
2024-08-29 16:24:13, Mumbai Einstein, 1
2024-08-29 16:24:13, Mumbai Newton, 1
2024-08-29 16:24:13, PA Philly Conf 29E 55, 0
2024-08-29 16:24:13, PA Philly Conf 29W 24, 0
2024-08-29 16:24:13, PA Philly Conf 30E 55, 0
2024-08-29 16:24:13, PA Philly Conf 30E 02, 0
2024-08-29 16:24:13, PA Philly Conf 30W 09, 0
2024-08-29 16:24:13, NJ MP 6002 6th floor, 0
2024-08-29 16:24:13, NJ MP 6003 6th floor, 1
2024-08-29 16:24:13, NJ MP 6107 6th floor, 0
2024-08-29 16:24:13, NJ MP 6203 6th floor, 0
2024-08-29 16:24:13, NJ MP 6255 6th floor, 0
2024-08-29 16:24:13, NJ MP 6309 6th floor, 0
2024-08-29 16:24:13, NJ MP 6310 6th floor, 0
2024-08-29 16:24:13, NJ MP 7107 7th floor, 0
2024-08-29 16:24:13, NJ MP 7201 7th floor, 1
2024-08-29 16:24:13, NJ MP 7202 7th floor, 0
2024-08-29 16:24:13, NJ MP 7310 7th floor, 0
2024-08-29 16:24:13, NJ MP 7366 7th floor, 0
2024-08-29 16:24:13, NJ MP 8309 8th floor, 0
2024-08-29 16:24:13, NJ MP 8322 8th floor, 0
2024-08-29 16:24:13, NJ MP TR B 1st floor, 1
2024-08-29 16:24:13, NJ MP TR A 1st floor, 1
2024-08-29 16:24:13, NJ Metropark Boardroom 6th floor, 0
2024-08-29 16:24:13, NYC MC 6.52 6th floor, 1
2024-08-29 16:24:13, NYC Liberty 6th floor, 0
2024-08-29 16:24:13, NYC Wall St 6th floor, 0
2024-08-29 16:24:13, NYC Grammercy 7th floor, 0
2024-08-29 16:24:13, NYC MC 7.85 7th floor, 0
2024-08-29 16:24:13, NYC High Line 7th floor, 0
2024-08-29 16:24:13, NYC Union Square 7th floor, 0
2024-08-29 16:24:13, NYC MC 8.52 8th floor, 1
2024-08-29 16:24:13, NYC Rock Center 8th floor, 1
2024-08-29 16:24:13, NYC Bryant Park 8th floor, 0
2024-08-29 16:24:13, NYC MC 9.52 9th floor, 0
2024-08-29 16:24:13, NYC Moma 9th floor, 0
2024-08-29 16:24:13, NYC Columbus Circle 9th floor, 0
2024-08-29 16:24:13, NYC MC 10.52 10th floor, 0
2024-08-29 16:24:13, NYC The Met 10th floor, 0
2024-08-29 16:24:13, NYC Apollo 10th floor, 0
2024-08-29 16:14:16, FL Fort Lauderdale Conf Room, 0
2024-08-29 16:14:16, Chicago Large Conf Room, 0
2024-08-29 16:14:16, Chicago Small Conf Room, 1
2024-08-29 16:14:16, MD Owing Mills Large Conf, 0
2024-08-29 16:14:16, MD Owing Mills Medium Conf, 0
2024-08-29 16:14:16, MD Owing Mills Small Conf, 0
2024-08-29 16:14:16, CA San Mateo, 0
2024-08-29 16:14:16, Dallas Training Room, 0
2024-08-29 16:14:16, Dallas Main Conference Room, 0
2024-08-29 16:14:16, Dallas JP Conference Room, 0
2024-08-29 16:14:16, Bangalore Eden, 0
2024-08-29 16:14:16, Bangalore CampNou, 0
2024-08-29 16:14:16, Bangalore SanSiro, 1
2024-08-29 16:14:16, Bangalore OldTrafford, 0
2024-08-29 16:14:16, Bangalore Anfield, 1
2024-08-29 16:14:16, Bangalore Guruku, 1
2024-08-29 16:14:16, CA La Jolla The Cove, 0
2024-08-29 16:14:16, CA La Jolla The Shores, 0
2024-08-29 16:14:16, MN Eiger Room, 0
2024-08-29 16:14:16, MN Glickman, 0
2024-08-29 16:14:16, MN Boardroom, 0
2024-08-29 16:14:16, MN Lurie Room MCC, 0
2024-08-29 16:14:16, NJ Woodcliff Lake New Jersey, 0
2024-08-29 16:14:16, Hyderabad Kakatiya Training Room, 1
2024-08-29 16:14:16, Hyderabad Koh-i-Noor, 0
2024-08-29 16:14:16, Hyderabad Falaknuma, 0
2024-08-29 16:14:16, FL West Palm Beach Large Tax Conference, 0
2024-08-29 16:14:16, FL West Palm Beach Audit Tax Conference, 1
2024-08-29 16:14:16, FL West Palm Beach WPB 10th Conf RM, 0
2024-08-29 16:14:16, NJ Mt. Laurel Conf Rm, 0
2024-08-29 16:14:16, NY Melville Conf RM 2.91, 0
2024-08-29 16:14:16, NY Melville Conf RM 2.90, 0
2024-08-29 16:14:16, NY Melville Conf RM 2.89, 0
2024-08-29 16:14:16, NY Melville Conf RM 2.14, 0
2024-08-29 16:14:16, Mumbai God Father, 0
2024-08-29 16:14:16, Mumbai Bond007, 0
2024-08-29 16:14:16, Mumbai Iron Man, 0
2024-08-29 16:14:16, Mumbai Darth Vader, 0
2024-08-29 16:14:16, Mumbai War Room, 0
2024-08-29 16:14:16, Mumbai Einstein, 1
2024-08-29 16:14:16, Mumbai Newton, 1
2024-08-29 16:14:16, PA Philly Conf 29E 55, 0
2024-08-29 16:14:16, PA Philly Conf 29W 24, 0
2024-08-29 16:14:16, PA Philly Conf 30E 55, 0
2024-08-29 16:14:16, PA Philly Conf 30E 02, 0
2024-08-29 16:14:16, PA Philly Conf 30W 09, 0
2024-08-29 16:14:16, NJ MP 6002 6th floor, 0
2024-08-29 16:14:16, NJ MP 6003 6th floor, 1
2024-08-29 16:14:16, NJ MP 6107 6th floor, 0
2024-08-29 16:14:16, NJ MP 6203 6th floor, 0
2024-08-29 16:14:16, NJ MP 6255 6th floor, 0
2024-08-29 16:14:16, NJ MP 6309 6th floor, 0
2024-08-29 16:14:16, NJ MP 6310 6th floor, 0
2024-08-29 16:14:16, NJ MP 7107 7th floor, 0
2024-08-29 16:14:16, NJ MP 7201 7th floor, 1
2024-08-29 16:14:16, NJ MP 7202 7th floor, 0
2024-08-29 16:14:16, NJ MP 7310 7th floor, 0
2024-08-29 16:14:16, NJ MP 7366 7th floor, 0
2024-08-29 16:14:16, NJ MP 8309 8th floor, 0
2024-08-29 16:14:16, NJ MP 8322 8th floor, 0
2024-08-29 16:14:16, NJ MP TR B 1st floor, 1
2024-08-29 16:14:16, NJ MP TR A 1st floor, 1
2024-08-29 16:14:16, NJ Metropark Boardroom 6th floor, 0
2024-08-29 16:14:16, NYC MC 6.52 6th floor, 1
2024-08-29 16:14:16, NYC Liberty 6th floor, 0
2024-08-29 16:14:16, NYC Wall St 6th floor, 0
2024-08-29 16:14:16, NYC Grammercy 7th floor, 0
2024-08-29 16:14:16, NYC MC 7.85 7th floor, 0
2024-08-29 16:14:16, NYC High Line 7th floor, 0
2024-08-29 16:14:16, NYC Union Square 7th floor, 0
2024-08-29 16:14:16, NYC MC 8.52 8th floor, 1
2024-08-29 16:14:16, NYC Rock Center 8th floor, 1
2024-08-29 16:14:16, NYC Bryant Park 8th floor, 0
2024-08-29 16:14:16, NYC MC 9.52 9th floor, 0
2024-08-29 16:14:16, NYC Moma 9th floor, 0
2024-08-29 16:14:16, NYC Columbus Circle 9th floor, 0
2024-08-29 16:14:16, NYC MC 10.52 10th floor, 0
2024-08-29 16:14:16, NYC The Met 10th floor, 0
2024-08-29 16:14:16, NYC Apollo 10th floor, 0
2024-08-29 16:04:15, FL Fort Lauderdale Conf Room, 0
2024-08-29 16:04:15, Chicago Large Conf Room, 0
2024-08-29 16:04:15, Chicago Small Conf Room, 1
2024-08-29 16:04:15, MD Owing Mills Large Conf, 0
2024-08-29 16:04:15, MD Owing Mills Medium Conf, 0
2024-08-29 16:04:15, MD Owing Mills Small Conf, 0
2024-08-29 16:04:15, CA San Mateo, 0
2024-08-29 16:04:15, Dallas Training Room, 0
2024-08-29 16:04:15, Dallas Main Conference Room, 0
2024-08-29 16:04:15, Dallas JP Conference Room, 0
2024-08-29 16:04:15, Bangalore Eden, 0
2024-08-29 16:04:15, Bangalore CampNou, 0
2024-08-29 16:04:15, Bangalore SanSiro, 1
2024-08-29 16:04:15, Bangalore OldTrafford, 0
2024-08-29 16:04:15, Bangalore Anfield, 1
2024-08-29 16:04:15, Bangalore Guruku, 1
2024-08-29 16:04:15, CA La Jolla The Cove, 0
2024-08-29 16:04:15, CA La Jolla The Shores, 0
2024-08-29 16:04:15, MN Eiger Room, 0
2024-08-29 16:04:15, MN Glickman, 0
2024-08-29 16:04:15, MN Boardroom, 0
2024-08-29 16:04:15, MN Lurie Room MCC, 0
2024-08-29 16:04:15, NJ Woodcliff Lake New Jersey, 0
2024-08-29 16:04:15, Hyderabad Kakatiya Training Room, 1
2024-08-29 16:04:15, Hyderabad Koh-i-Noor, 0
2024-08-29 16:04:15, Hyderabad Falaknuma, 0
2024-08-29 16:04:15, FL West Palm Beach Large Tax Conference, 0
2024-08-29 16:04:15, FL West Palm Beach Audit Tax Conference, 1
2024-08-29 16:04:15, FL West Palm Beach WPB 10th Conf RM, 0
2024-08-29 16:04:15, NJ Mt. Laurel Conf Rm, 0
2024-08-29 16:04:15, NY Melville Conf RM 2.91, 0
2024-08-29 16:04:15, NY Melville Conf RM 2.90, 0
2024-08-29 16:04:15, NY Melville Conf RM 2.89, 0
2024-08-29 16:04:15, NY Melville Conf RM 2.14, 0
2024-08-29 16:04:15, Mumbai God Father, 0
2024-08-29 16:04:15, Mumbai Bond007, 0
2024-08-29 16:04:15, Mumbai Iron Man, 0
2024-08-29 16:04:15, Mumbai Darth Vader, 0
2024-08-29 16:04:15, Mumbai War Room, 0
2024-08-29 16:04:15, Mumbai Einstein, 1
2024-08-29 16:04:15, Mumbai Newton, 1
2024-08-29 16:04:15, PA Philly Conf 29E 55, 0
2024-08-29 16:04:15, PA Philly Conf 29W 24, 0
2024-08-29 16:04:15, PA Philly Conf 30E 55, 0
2024-08-29 16:04:15, PA Philly Conf 30E 02, 0
2024-08-29 16:04:15, PA Philly Conf 30W 09, 0
2024-08-29 16:04:15, NJ MP 6002 6th floor, 0
2024-08-29 16:04:15, NJ MP 6003 6th floor, 1
2024-08-29 16:04:15, NJ MP 6107 6th floor, 0
2024-08-29 16:04:15, NJ MP 6203 6th floor, 0
2024-08-29 16:04:15, NJ MP 6255 6th floor, 0
2024-08-29 16:04:15, NJ MP 6309 6th floor, 0
