"timestamp", "Service", "message"
"timestamp", "Service", "message"
2024-08-25 14:44:21, Okta, 1
2024-08-25 14:44:21, Japan - e-Bunsho for Invoice, 0
2024-08-25 14:44:21, Japan - Japan Public Transportation (JPT), 0
2024-08-25 14:44:21, Japan - e-Bunsho for Expense, 0
2024-08-25 14:44:21, Compleat (TMC Services), 0
2024-08-25 14:44:21, Mobile, 0
2024-08-25 14:44:21, Analysis/Intelligence, 0
2024-08-25 14:44:21, Imaging, 0
2024-08-25 14:44:21, Request, 0
2024-08-25 14:44:21, Invoice, 0
2024-08-25 14:44:21, Travel, 0
2024-08-25 14:44:21, Expense, 0
2024-08-25 14:44:21, Replicon, 0
2024-08-25 14:44:21, ConsumerList, 0
2024-08-25 14:44:21, TeamsforLife, 0
2024-08-25 14:44:21, YourPhone, 0
2024-08-25 14:44:21, Whiteboard, 0
2024-08-25 14:44:21, OfficeOnlineConsumer, 0
2024-08-25 14:44:21, Skype, 0
2024-08-25 14:44:21, microsofttodo, 0
2024-08-25 14:44:21, CopilotConsumer, 0
2024-08-25 14:44:21, OneDriveConsumer, 0
2024-08-25 14:44:21, Outlook.com, 0
2024-08-25 14:44:21, M365Consumer, 0
2024-08-25 14:34:21, Okta, 1
2024-08-25 14:34:21, Japan - e-Bunsho for Invoice, 0
2024-08-25 14:34:21, Japan - Japan Public Transportation (JPT), 0
2024-08-25 14:34:21, Japan - e-Bunsho for Expense, 0
2024-08-25 14:34:21, Compleat (TMC Services), 0
2024-08-25 14:34:21, Mobile, 0
2024-08-25 14:34:21, Analysis/Intelligence, 0
2024-08-25 14:34:21, Imaging, 0
2024-08-25 14:34:21, Request, 0
2024-08-25 14:34:21, Invoice, 0
2024-08-25 14:34:21, Travel, 0
2024-08-25 14:34:21, Expense, 0
2024-08-25 14:34:21, Replicon, 0
2024-08-25 14:34:21, ConsumerList, 0
2024-08-25 14:34:21, TeamsforLife, 0
2024-08-25 14:34:21, YourPhone, 0
2024-08-25 14:34:21, Whiteboard, 0
2024-08-25 14:34:21, OfficeOnlineConsumer, 0
2024-08-25 14:34:21, Skype, 0
2024-08-25 14:34:21, microsofttodo, 0
2024-08-25 14:34:21, CopilotConsumer, 0
2024-08-25 14:34:21, OneDriveConsumer, 0
2024-08-25 14:34:21, Outlook.com, 0
2024-08-25 14:34:21, M365Consumer, 0
2024-08-25 14:24:20, Okta, 1
2024-08-25 14:24:20, Japan - e-Bunsho for Invoice, 0
2024-08-25 14:24:20, Japan - Japan Public Transportation (JPT), 0
2024-08-25 14:24:20, Japan - e-Bunsho for Expense, 0
2024-08-25 14:24:20, Compleat (TMC Services), 0
2024-08-25 14:24:20, Mobile, 0
2024-08-25 14:24:20, Analysis/Intelligence, 0
2024-08-25 14:24:20, Imaging, 0
2024-08-25 14:24:20, Request, 0
2024-08-25 14:24:20, Invoice, 0
2024-08-25 14:24:20, Travel, 0
2024-08-25 14:24:20, Expense, 0
2024-08-25 14:24:20, Replicon, 0
2024-08-25 14:24:20, ConsumerList, 0
2024-08-25 14:24:20, TeamsforLife, 0
2024-08-25 14:24:20, YourPhone, 0
2024-08-25 14:24:20, Whiteboard, 0
2024-08-25 14:24:20, OfficeOnlineConsumer, 0
2024-08-25 14:24:20, Skype, 0
2024-08-25 14:24:20, microsofttodo, 0
2024-08-25 14:24:20, CopilotConsumer, 0
2024-08-25 14:24:20, OneDriveConsumer, 0
2024-08-25 14:24:20, Outlook.com, 0
2024-08-25 14:24:20, M365Consumer, 0
2024-08-25 14:14:21, Okta, 1
2024-08-25 14:14:21, Japan - e-Bunsho for Invoice, 0
2024-08-25 14:14:21, Japan - Japan Public Transportation (JPT), 0
2024-08-25 14:14:21, Japan - e-Bunsho for Expense, 0
2024-08-25 14:14:21, Compleat (TMC Services), 0
2024-08-25 14:14:21, Mobile, 0
2024-08-25 14:14:21, Analysis/Intelligence, 0
2024-08-25 14:14:21, Imaging, 0
2024-08-25 14:14:21, Request, 0
2024-08-25 14:14:21, Invoice, 0
2024-08-25 14:14:21, Travel, 0
2024-08-25 14:14:21, Expense, 0
2024-08-25 14:14:21, Replicon, 0
2024-08-25 14:14:21, ConsumerList, 0
2024-08-25 14:14:21, TeamsforLife, 0
2024-08-25 14:14:21, YourPhone, 0
2024-08-25 14:14:21, Whiteboard, 0
2024-08-25 14:14:21, OfficeOnlineConsumer, 0
2024-08-25 14:14:21, Skype, 0
2024-08-25 14:14:21, microsofttodo, 0
2024-08-25 14:14:21, CopilotConsumer, 0
2024-08-25 14:14:21, OneDriveConsumer, 0
2024-08-25 14:14:21, Outlook.com, 0
2024-08-25 14:14:21, M365Consumer, 0
2024-08-25 14:04:20, Okta, 1
2024-08-25 14:04:20, Japan - e-Bunsho for Invoice, 0
2024-08-25 14:04:20, Japan - Japan Public Transportation (JPT), 0
2024-08-25 14:04:20, Japan - e-Bunsho for Expense, 0
2024-08-25 14:04:20, Compleat (TMC Services), 0
2024-08-25 14:04:20, Mobile, 0
2024-08-25 14:04:20, Analysis/Intelligence, 0
2024-08-25 14:04:20, Imaging, 0
2024-08-25 14:04:20, Request, 0
2024-08-25 14:04:20, Invoice, 0
2024-08-25 14:04:20, Travel, 0
2024-08-25 14:04:20, Expense, 0
2024-08-25 14:04:20, Replicon, 0
2024-08-25 14:04:20, ConsumerList, 0
2024-08-25 14:04:20, TeamsforLife, 0
2024-08-25 14:04:20, YourPhone, 0
2024-08-25 14:04:20, Whiteboard, 0
2024-08-25 14:04:20, OfficeOnlineConsumer, 0
2024-08-25 14:04:20, Skype, 0
2024-08-25 14:04:20, microsofttodo, 0
2024-08-25 14:04:20, CopilotConsumer, 0
2024-08-25 14:04:20, OneDriveConsumer, 0
2024-08-25 14:04:20, Outlook.com, 0
2024-08-25 14:04:20, M365Consumer, 0
2024-08-25 13:54:22, Okta, 1
2024-08-25 13:54:22, Japan - e-Bunsho for Invoice, 0
2024-08-25 13:54:22, Japan - Japan Public Transportation (JPT), 0
2024-08-25 13:54:22, Japan - e-Bunsho for Expense, 0
2024-08-25 13:54:22, Compleat (TMC Services), 0
2024-08-25 13:54:22, Mobile, 0
2024-08-25 13:54:22, Analysis/Intelligence, 0
2024-08-25 13:54:22, Imaging, 0
2024-08-25 13:54:22, Request, 0
2024-08-25 13:54:22, Invoice, 0
2024-08-25 13:54:22, Travel, 0
2024-08-25 13:54:22, Expense, 0
2024-08-25 13:54:22, Replicon, 0
2024-08-25 13:54:22, ConsumerList, 0
2024-08-25 13:54:22, TeamsforLife, 0
2024-08-25 13:54:22, YourPhone, 0
2024-08-25 13:54:22, Whiteboard, 0
2024-08-25 13:54:22, OfficeOnlineConsumer, 0
2024-08-25 13:54:22, Skype, 0
2024-08-25 13:54:22, microsofttodo, 0
2024-08-25 13:54:22, CopilotConsumer, 0
2024-08-25 13:54:22, OneDriveConsumer, 0
2024-08-25 13:54:22, Outlook.com, 0
2024-08-25 13:54:22, M365Consumer, 0
2024-08-25 13:44:22, Okta, 1
2024-08-25 13:44:22, Japan - e-Bunsho for Invoice, 0
2024-08-25 13:44:22, Japan - Japan Public Transportation (JPT), 0
2024-08-25 13:44:22, Japan - e-Bunsho for Expense, 0
2024-08-25 13:44:22, Compleat (TMC Services), 0
2024-08-25 13:44:22, Mobile, 0
2024-08-25 13:44:22, Analysis/Intelligence, 0
2024-08-25 13:44:22, Imaging, 0
2024-08-25 13:44:22, Request, 0
2024-08-25 13:44:22, Invoice, 0
2024-08-25 13:44:22, Travel, 0
2024-08-25 13:44:22, Expense, 0
2024-08-25 13:44:22, Replicon, 0
2024-08-25 13:44:22, ConsumerList, 0
2024-08-25 13:44:22, TeamsforLife, 0
2024-08-25 13:44:22, YourPhone, 0
2024-08-25 13:44:22, Whiteboard, 0
2024-08-25 13:44:22, OfficeOnlineConsumer, 0
2024-08-25 13:44:22, Skype, 0
2024-08-25 13:44:22, microsofttodo, 0
2024-08-25 13:44:22, CopilotConsumer, 0
2024-08-25 13:44:22, OneDriveConsumer, 0
2024-08-25 13:44:22, Outlook.com, 0
2024-08-25 13:44:22, M365Consumer, 0
2024-08-25 13:34:37, Okta, 1
2024-08-25 13:34:37, Japan - e-Bunsho for Invoice, 0
2024-08-25 13:34:37, Japan - Japan Public Transportation (JPT), 0
2024-08-25 13:34:37, Japan - e-Bunsho for Expense, 0
2024-08-25 13:34:37, Compleat (TMC Services), 0
2024-08-25 13:34:37, Mobile, 0
2024-08-25 13:34:37, Analysis/Intelligence, 0
2024-08-25 13:34:37, Imaging, 0
2024-08-25 13:34:37, Request, 0
2024-08-25 13:34:37, Invoice, 0
2024-08-25 13:34:37, Travel, 0
2024-08-25 13:34:37, Expense, 0
2024-08-25 13:34:37, Replicon, 0
2024-08-25 13:34:37, ConsumerList, 0
2024-08-25 13:34:37, TeamsforLife, 0
2024-08-25 13:34:37, YourPhone, 0
2024-08-25 13:34:37, Whiteboard, 0
2024-08-25 13:34:37, OfficeOnlineConsumer, 0
2024-08-25 13:34:37, Skype, 0
2024-08-25 13:34:37, microsofttodo, 0
2024-08-25 13:34:37, CopilotConsumer, 0
2024-08-25 13:34:37, OneDriveConsumer, 0
2024-08-25 13:34:37, Outlook.com, 0
2024-08-25 13:34:37, M365Consumer, 0
2024-08-25 13:24:21, Okta, 1
2024-08-25 13:24:21, Japan - e-Bunsho for Invoice, 0
2024-08-25 13:24:21, Japan - Japan Public Transportation (JPT), 0
2024-08-25 13:24:21, Japan - e-Bunsho for Expense, 0
2024-08-25 13:24:21, Compleat (TMC Services), 0
2024-08-25 13:24:21, Mobile, 0
2024-08-25 13:24:21, Analysis/Intelligence, 0
2024-08-25 13:24:21, Imaging, 0
2024-08-25 13:24:21, Request, 0
2024-08-25 13:24:21, Invoice, 0
2024-08-25 13:24:21, Travel, 0
2024-08-25 13:24:21, Expense, 0
2024-08-25 13:24:21, Replicon, 0
2024-08-25 13:24:21, ConsumerList, 0
2024-08-25 13:24:21, TeamsforLife, 0
2024-08-25 13:24:21, YourPhone, 0
2024-08-25 13:24:21, Whiteboard, 0
2024-08-25 13:24:21, OfficeOnlineConsumer, 0
2024-08-25 13:24:21, Skype, 0
2024-08-25 13:24:21, microsofttodo, 0
2024-08-25 13:24:21, CopilotConsumer, 0
2024-08-25 13:24:21, OneDriveConsumer, 0
2024-08-25 13:24:21, Outlook.com, 0
2024-08-25 13:24:21, M365Consumer, 0
2024-08-25 13:14:22, Okta, 1
2024-08-25 13:14:22, Japan - e-Bunsho for Invoice, 0
2024-08-25 13:14:22, Japan - Japan Public Transportation (JPT), 0
2024-08-25 13:14:22, Japan - e-Bunsho for Expense, 0
2024-08-25 13:14:22, Compleat (TMC Services), 0
2024-08-25 13:14:22, Mobile, 0
2024-08-25 13:14:22, Analysis/Intelligence, 0
2024-08-25 13:14:22, Imaging, 0
2024-08-25 13:14:22, Request, 0
2024-08-25 13:14:22, Invoice, 0
2024-08-25 13:14:22, Travel, 0
2024-08-25 13:14:22, Expense, 0
2024-08-25 13:14:22, Replicon, 0
2024-08-25 13:14:22, ConsumerList, 0
2024-08-25 13:14:22, TeamsforLife, 0
2024-08-25 13:14:22, YourPhone, 0
2024-08-25 13:14:22, Whiteboard, 0
2024-08-25 13:14:22, OfficeOnlineConsumer, 0
2024-08-25 13:14:22, Skype, 0
2024-08-25 13:14:22, microsofttodo, 0
2024-08-25 13:14:22, CopilotConsumer, 0
2024-08-25 13:14:22, OneDriveConsumer, 0
2024-08-25 13:14:22, Outlook.com, 0
2024-08-25 13:14:22, M365Consumer, 0
2024-08-25 13:04:22, Okta, 1
2024-08-25 13:04:22, Japan - e-Bunsho for Invoice, 0
2024-08-25 13:04:22, Japan - Japan Public Transportation (JPT), 0
2024-08-25 13:04:22, Japan - e-Bunsho for Expense, 0
2024-08-25 13:04:22, Compleat (TMC Services), 0
2024-08-25 13:04:22, Mobile, 0
2024-08-25 13:04:22, Analysis/Intelligence, 0
2024-08-25 13:04:22, Imaging, 0
2024-08-25 13:04:22, Request, 0
2024-08-25 13:04:22, Invoice, 0
2024-08-25 13:04:22, Travel, 0
2024-08-25 13:04:22, Expense, 0
2024-08-25 13:04:22, Replicon, 0
2024-08-25 13:04:22, ConsumerList, 0
2024-08-25 13:04:22, TeamsforLife, 0
2024-08-25 13:04:22, YourPhone, 0
2024-08-25 13:04:22, Whiteboard, 0
2024-08-25 13:04:22, OfficeOnlineConsumer, 0
2024-08-25 13:04:22, Skype, 0
2024-08-25 13:04:22, microsofttodo, 0
2024-08-25 13:04:22, CopilotConsumer, 0
2024-08-25 13:04:22, OneDriveConsumer, 0
2024-08-25 13:04:22, Outlook.com, 0
2024-08-25 13:04:22, M365Consumer, 0
2024-08-25 12:54:24, Okta, 1
2024-08-25 12:54:24, Japan - e-Bunsho for Invoice, 0
2024-08-25 12:54:24, Japan - Japan Public Transportation (JPT), 0
2024-08-25 12:54:24, Japan - e-Bunsho for Expense, 0
2024-08-25 12:54:24, Compleat (TMC Services), 0
2024-08-25 12:54:24, Mobile, 0
2024-08-25 12:54:24, Analysis/Intelligence, 0
2024-08-25 12:54:24, Imaging, 0
2024-08-25 12:54:24, Request, 0
2024-08-25 12:54:24, Invoice, 0
2024-08-25 12:54:24, Travel, 0
2024-08-25 12:54:24, Expense, 0
2024-08-25 12:54:24, Replicon, 0
2024-08-25 12:54:24, ConsumerList, 0
2024-08-25 12:54:24, TeamsforLife, 0
2024-08-25 12:54:24, YourPhone, 0
2024-08-25 12:54:24, Whiteboard, 0
2024-08-25 12:54:24, OfficeOnlineConsumer, 0
2024-08-25 12:54:24, Skype, 0
2024-08-25 12:54:24, microsofttodo, 0
2024-08-25 12:54:24, CopilotConsumer, 0
2024-08-25 12:54:24, OneDriveConsumer, 0
2024-08-25 12:54:24, Outlook.com, 0
2024-08-25 12:54:24, M365Consumer, 0
2024-08-25 12:44:20, Okta, 1
2024-08-25 12:44:20, Japan - e-Bunsho for Invoice, 0
2024-08-25 12:44:20, Japan - Japan Public Transportation (JPT), 0
2024-08-25 12:44:20, Japan - e-Bunsho for Expense, 0
2024-08-25 12:44:20, Compleat (TMC Services), 0
2024-08-25 12:44:20, Mobile, 0
2024-08-25 12:44:20, Analysis/Intelligence, 0
2024-08-25 12:44:20, Imaging, 0
2024-08-25 12:44:20, Request, 0
2024-08-25 12:44:20, Invoice, 0
2024-08-25 12:44:20, Travel, 0
2024-08-25 12:44:20, Expense, 0
2024-08-25 12:44:20, Replicon, 0
2024-08-25 12:44:20, ConsumerList, 0
2024-08-25 12:44:20, TeamsforLife, 0
2024-08-25 12:44:20, YourPhone, 0
2024-08-25 12:44:20, Whiteboard, 0
2024-08-25 12:44:20, OfficeOnlineConsumer, 0
2024-08-25 12:44:20, Skype, 0
2024-08-25 12:44:20, microsofttodo, 0
2024-08-25 12:44:20, CopilotConsumer, 0
2024-08-25 12:44:20, OneDriveConsumer, 0
2024-08-25 12:44:20, Outlook.com, 0
2024-08-25 12:44:20, M365Consumer, 0
2024-08-25 12:34:22, Okta, 1
2024-08-25 12:34:22, Japan - e-Bunsho for Invoice, 0
2024-08-25 12:34:22, Japan - Japan Public Transportation (JPT), 0
2024-08-25 12:34:22, Japan - e-Bunsho for Expense, 0
2024-08-25 12:34:22, Compleat (TMC Services), 0
2024-08-25 12:34:22, Mobile, 0
2024-08-25 12:34:22, Analysis/Intelligence, 0
2024-08-25 12:34:22, Imaging, 0
2024-08-25 12:34:22, Request, 0
2024-08-25 12:34:22, Invoice, 0
2024-08-25 12:34:22, Travel, 0
2024-08-25 12:34:22, Expense, 0
2024-08-25 12:34:22, Replicon, 0
2024-08-25 12:34:22, ConsumerList, 0
2024-08-25 12:34:22, TeamsforLife, 0
2024-08-25 12:34:22, YourPhone, 0
2024-08-25 12:34:22, Whiteboard, 0
2024-08-25 12:34:22, OfficeOnlineConsumer, 0
2024-08-25 12:34:22, Skype, 0
2024-08-25 12:34:22, microsofttodo, 0
2024-08-25 12:34:22, CopilotConsumer, 0
2024-08-25 12:34:22, OneDriveConsumer, 0
2024-08-25 12:34:22, Outlook.com, 0
2024-08-25 12:34:22, M365Consumer, 0
2024-08-25 12:24:22, Okta, 1
2024-08-25 12:24:22, Japan - e-Bunsho for Invoice, 0
2024-08-25 12:24:22, Japan - Japan Public Transportation (JPT), 0
2024-08-25 12:24:22, Japan - e-Bunsho for Expense, 0
2024-08-25 12:24:22, Compleat (TMC Services), 0
2024-08-25 12:24:22, Mobile, 0
2024-08-25 12:24:22, Analysis/Intelligence, 0
2024-08-25 12:24:22, Imaging, 0
2024-08-25 12:24:22, Request, 0
2024-08-25 12:24:22, Invoice, 0
2024-08-25 12:24:22, Travel, 0
2024-08-25 12:24:22, Expense, 0
2024-08-25 12:24:22, Replicon, 0
2024-08-25 12:24:22, ConsumerList, 0
2024-08-25 12:24:22, TeamsforLife, 0
2024-08-25 12:24:22, YourPhone, 0
2024-08-25 12:24:22, Whiteboard, 0
2024-08-25 12:24:22, OfficeOnlineConsumer, 0
2024-08-25 12:24:22, Skype, 0
2024-08-25 12:24:22, microsofttodo, 0
2024-08-25 12:24:22, CopilotConsumer, 0
2024-08-25 12:24:22, OneDriveConsumer, 0
2024-08-25 12:24:22, Outlook.com, 0
2024-08-25 12:24:22, M365Consumer, 0
2024-08-25 12:14:22, Okta, 1
2024-08-25 12:14:22, Japan - e-Bunsho for Invoice, 0
2024-08-25 12:14:22, Japan - Japan Public Transportation (JPT), 0
2024-08-25 12:14:22, Japan - e-Bunsho for Expense, 0
2024-08-25 12:14:22, Compleat (TMC Services), 0
2024-08-25 12:14:22, Mobile, 0
2024-08-25 12:14:22, Analysis/Intelligence, 0
2024-08-25 12:14:22, Imaging, 0
2024-08-25 12:14:22, Request, 0
2024-08-25 12:14:22, Invoice, 0
2024-08-25 12:14:22, Travel, 0
2024-08-25 12:14:22, Expense, 0
2024-08-25 12:14:22, Replicon, 0
2024-08-25 12:14:22, ConsumerList, 0
2024-08-25 12:14:22, TeamsforLife, 0
2024-08-25 12:14:22, YourPhone, 0
2024-08-25 12:14:22, Whiteboard, 0
2024-08-25 12:14:22, OfficeOnlineConsumer, 0
2024-08-25 12:14:22, Skype, 0
2024-08-25 12:14:22, microsofttodo, 0
2024-08-25 12:14:22, CopilotConsumer, 0
2024-08-25 12:14:22, OneDriveConsumer, 0
2024-08-25 12:14:22, Outlook.com, 0
2024-08-25 12:14:22, M365Consumer, 0
2024-08-25 12:04:21, Okta, 1
2024-08-25 12:04:21, Japan - e-Bunsho for Invoice, 0
2024-08-25 12:04:21, Japan - Japan Public Transportation (JPT), 0
2024-08-25 12:04:21, Japan - e-Bunsho for Expense, 0
2024-08-25 12:04:21, Compleat (TMC Services), 0
2024-08-25 12:04:21, Mobile, 0
2024-08-25 12:04:21, Analysis/Intelligence, 0
2024-08-25 12:04:21, Imaging, 0
2024-08-25 12:04:21, Request, 0
2024-08-25 12:04:21, Invoice, 0
2024-08-25 12:04:21, Travel, 0
2024-08-25 12:04:21, Expense, 0
2024-08-25 12:04:21, Replicon, 0
2024-08-25 12:04:21, ConsumerList, 0
2024-08-25 12:04:21, TeamsforLife, 0
2024-08-25 12:04:21, YourPhone, 0
2024-08-25 12:04:21, Whiteboard, 0
2024-08-25 12:04:21, OfficeOnlineConsumer, 0
2024-08-25 12:04:21, Skype, 0
2024-08-25 12:04:21, microsofttodo, 0
2024-08-25 12:04:21, CopilotConsumer, 0
2024-08-25 12:04:21, OneDriveConsumer, 0
2024-08-25 12:04:21, Outlook.com, 0
2024-08-25 12:04:21, M365Consumer, 0
2024-08-25 11:54:20, Okta, 1
2024-08-25 11:54:20, Japan - e-Bunsho for Invoice, 0
2024-08-25 11:54:20, Japan - Japan Public Transportation (JPT), 0
2024-08-25 11:54:20, Japan - e-Bunsho for Expense, 0
2024-08-25 11:54:20, Compleat (TMC Services), 0
2024-08-25 11:54:20, Mobile, 0
2024-08-25 11:54:20, Analysis/Intelligence, 0
2024-08-25 11:54:20, Imaging, 0
2024-08-25 11:54:20, Request, 0
2024-08-25 11:54:20, Invoice, 0
2024-08-25 11:54:20, Travel, 0
2024-08-25 11:54:20, Expense, 0
2024-08-25 11:54:20, Replicon, 0
2024-08-25 11:54:20, ConsumerList, 0
2024-08-25 11:54:20, TeamsforLife, 0
2024-08-25 11:54:20, YourPhone, 0
2024-08-25 11:54:20, Whiteboard, 0
2024-08-25 11:54:20, OfficeOnlineConsumer, 0
2024-08-25 11:54:20, Skype, 0
2024-08-25 11:54:20, microsofttodo, 0
2024-08-25 11:54:20, CopilotConsumer, 0
2024-08-25 11:54:20, OneDriveConsumer, 0
2024-08-25 11:54:20, Outlook.com, 0
2024-08-25 11:54:20, M365Consumer, 0
2024-08-25 11:44:20, Okta, 1
2024-08-25 11:44:20, Japan - e-Bunsho for Invoice, 0
2024-08-25 11:44:20, Japan - Japan Public Transportation (JPT), 0
2024-08-25 11:44:20, Japan - e-Bunsho for Expense, 0
2024-08-25 11:44:20, Compleat (TMC Services), 0
2024-08-25 11:44:20, Mobile, 0
2024-08-25 11:44:20, Analysis/Intelligence, 0
2024-08-25 11:44:20, Imaging, 0
2024-08-25 11:44:20, Request, 0
2024-08-25 11:44:20, Invoice, 0
2024-08-25 11:44:20, Travel, 0
2024-08-25 11:44:20, Expense, 0
2024-08-25 11:44:20, Replicon, 0
2024-08-25 11:44:20, ConsumerList, 0
2024-08-25 11:44:20, TeamsforLife, 0
2024-08-25 11:44:20, YourPhone, 0
2024-08-25 11:44:20, Whiteboard, 0
2024-08-25 11:44:20, OfficeOnlineConsumer, 0
2024-08-25 11:44:20, Skype, 0
2024-08-25 11:44:20, microsofttodo, 0
2024-08-25 11:44:20, CopilotConsumer, 0
2024-08-25 11:44:20, OneDriveConsumer, 0
2024-08-25 11:44:20, Outlook.com, 0
2024-08-25 11:44:20, M365Consumer, 0
2024-08-25 11:34:19, Okta, 1
2024-08-25 11:34:19, Japan - e-Bunsho for Invoice, 0
2024-08-25 11:34:19, Japan - Japan Public Transportation (JPT), 0
2024-08-25 11:34:19, Japan - e-Bunsho for Expense, 0
2024-08-25 11:34:19, Compleat (TMC Services), 0
2024-08-25 11:34:19, Mobile, 0
2024-08-25 11:34:19, Analysis/Intelligence, 0
2024-08-25 11:34:19, Imaging, 0
2024-08-25 11:34:19, Request, 0
2024-08-25 11:34:19, Invoice, 0
2024-08-25 11:34:19, Travel, 0
2024-08-25 11:34:19, Expense, 0
2024-08-25 11:34:19, Replicon, 0
2024-08-25 11:34:19, ConsumerList, 0
2024-08-25 11:34:19, TeamsforLife, 0
2024-08-25 11:34:19, YourPhone, 0
2024-08-25 11:34:19, Whiteboard, 0
2024-08-25 11:34:19, OfficeOnlineConsumer, 0
2024-08-25 11:34:19, Skype, 0
2024-08-25 11:34:19, microsofttodo, 0
2024-08-25 11:34:19, CopilotConsumer, 0
2024-08-25 11:34:19, OneDriveConsumer, 0
2024-08-25 11:34:19, Outlook.com, 0
2024-08-25 11:34:19, M365Consumer, 0
2024-08-25 11:24:20, Okta, 1
2024-08-25 11:24:20, Japan - e-Bunsho for Invoice, 0
2024-08-25 11:24:20, Japan - Japan Public Transportation (JPT), 0
2024-08-25 11:24:20, Japan - e-Bunsho for Expense, 0
2024-08-25 11:24:20, Compleat (TMC Services), 0
2024-08-25 11:24:20, Mobile, 0
2024-08-25 11:24:20, Analysis/Intelligence, 0
2024-08-25 11:24:20, Imaging, 0
2024-08-25 11:24:20, Request, 0
2024-08-25 11:24:20, Invoice, 0
2024-08-25 11:24:20, Travel, 0
2024-08-25 11:24:20, Expense, 0
2024-08-25 11:24:20, Replicon, 0
2024-08-25 11:24:20, ConsumerList, 0
2024-08-25 11:24:20, TeamsforLife, 0
2024-08-25 11:24:20, YourPhone, 0
2024-08-25 11:24:20, Whiteboard, 0
2024-08-25 11:24:20, OfficeOnlineConsumer, 0
2024-08-25 11:24:20, Skype, 0
2024-08-25 11:24:20, microsofttodo, 0
2024-08-25 11:24:20, CopilotConsumer, 0
2024-08-25 11:24:20, OneDriveConsumer, 0
2024-08-25 11:24:20, Outlook.com, 0
2024-08-25 11:24:20, M365Consumer, 0
2024-08-25 11:14:20, Okta, 1
2024-08-25 11:14:20, Japan - e-Bunsho for Invoice, 0
2024-08-25 11:14:20, Japan - Japan Public Transportation (JPT), 0
2024-08-25 11:14:20, Japan - e-Bunsho for Expense, 0
2024-08-25 11:14:20, Compleat (TMC Services), 0
2024-08-25 11:14:20, Mobile, 0
2024-08-25 11:14:20, Analysis/Intelligence, 0
2024-08-25 11:14:20, Imaging, 0
2024-08-25 11:14:20, Request, 0
2024-08-25 11:14:20, Invoice, 0
2024-08-25 11:14:20, Travel, 0
2024-08-25 11:14:20, Expense, 0
2024-08-25 11:14:20, Replicon, 0
2024-08-25 11:14:20, ConsumerList, 0
2024-08-25 11:14:20, TeamsforLife, 0
2024-08-25 11:14:20, YourPhone, 0
2024-08-25 11:14:20, Whiteboard, 0
2024-08-25 11:14:20, OfficeOnlineConsumer, 0
2024-08-25 11:14:20, Skype, 0
2024-08-25 11:14:20, microsofttodo, 0
2024-08-25 11:14:20, CopilotConsumer, 0
2024-08-25 11:14:20, OneDriveConsumer, 0
2024-08-25 11:14:20, Outlook.com, 0
2024-08-25 11:14:20, M365Consumer, 0
2024-08-25 11:04:21, Okta, 1
2024-08-25 11:04:21, Japan - e-Bunsho for Invoice, 0
2024-08-25 11:04:21, Japan - Japan Public Transportation (JPT), 0
2024-08-25 11:04:21, Japan - e-Bunsho for Expense, 0
2024-08-25 11:04:21, Compleat (TMC Services), 0
2024-08-25 11:04:21, Mobile, 0
2024-08-25 11:04:21, Analysis/Intelligence, 0
2024-08-25 11:04:21, Imaging, 0
2024-08-25 11:04:21, Request, 0
2024-08-25 11:04:21, Invoice, 0
2024-08-25 11:04:21, Travel, 0
2024-08-25 11:04:21, Expense, 0
2024-08-25 11:04:21, Replicon, 0
2024-08-25 11:04:21, ConsumerList, 0
2024-08-25 11:04:21, TeamsforLife, 0
2024-08-25 11:04:21, YourPhone, 0
2024-08-25 11:04:21, Whiteboard, 0
2024-08-25 11:04:21, OfficeOnlineConsumer, 0
2024-08-25 11:04:21, Skype, 0
2024-08-25 11:04:21, microsofttodo, 0
2024-08-25 11:04:21, CopilotConsumer, 0
2024-08-25 11:04:21, OneDriveConsumer, 0
2024-08-25 11:04:21, Outlook.com, 0
2024-08-25 11:04:21, M365Consumer, 0
2024-08-25 10:54:20, Okta, 1
2024-08-25 10:54:20, Japan - e-Bunsho for Invoice, 0
2024-08-25 10:54:20, Japan - Japan Public Transportation (JPT), 0
2024-08-25 10:54:20, Japan - e-Bunsho for Expense, 0
2024-08-25 10:54:20, Compleat (TMC Services), 0
2024-08-25 10:54:20, Mobile, 0
2024-08-25 10:54:20, Analysis/Intelligence, 0
2024-08-25 10:54:20, Imaging, 0
2024-08-25 10:54:20, Request, 0
2024-08-25 10:54:20, Invoice, 0
2024-08-25 10:54:20, Travel, 0
2024-08-25 10:54:20, Expense, 0
2024-08-25 10:54:20, Replicon, 0
2024-08-25 10:54:20, ConsumerList, 0
2024-08-25 10:54:20, TeamsforLife, 0
2024-08-25 10:54:20, YourPhone, 0
2024-08-25 10:54:20, Whiteboard, 0
2024-08-25 10:54:20, OfficeOnlineConsumer, 0
2024-08-25 10:54:20, Skype, 0
2024-08-25 10:54:20, microsofttodo, 0
2024-08-25 10:54:20, CopilotConsumer, 0
2024-08-25 10:54:20, OneDriveConsumer, 0
2024-08-25 10:54:20, Outlook.com, 0
2024-08-25 10:54:20, M365Consumer, 0
2024-08-25 10:44:21, Okta, 1
2024-08-25 10:44:21, Japan - e-Bunsho for Invoice, 0
2024-08-25 10:44:21, Japan - Japan Public Transportation (JPT), 0
2024-08-25 10:44:21, Japan - e-Bunsho for Expense, 0
2024-08-25 10:44:21, Compleat (TMC Services), 0
2024-08-25 10:44:21, Mobile, 0
2024-08-25 10:44:21, Analysis/Intelligence, 0
2024-08-25 10:44:21, Imaging, 0
2024-08-25 10:44:21, Request, 0
2024-08-25 10:44:21, Invoice, 0
2024-08-25 10:44:21, Travel, 0
2024-08-25 10:44:21, Expense, 0
2024-08-25 10:44:21, Replicon, 0
2024-08-25 10:44:21, ConsumerList, 0
2024-08-25 10:44:21, TeamsforLife, 0
2024-08-25 10:44:21, YourPhone, 0
2024-08-25 10:44:21, Whiteboard, 0
2024-08-25 10:44:21, OfficeOnlineConsumer, 0
2024-08-25 10:44:21, Skype, 0
2024-08-25 10:44:21, microsofttodo, 0
2024-08-25 10:44:21, CopilotConsumer, 0
2024-08-25 10:44:21, OneDriveConsumer, 0
2024-08-25 10:44:21, Outlook.com, 0
2024-08-25 10:44:21, M365Consumer, 0
2024-08-25 10:34:20, Okta, 1
2024-08-25 10:34:20, Japan - e-Bunsho for Invoice, 0
2024-08-25 10:34:20, Japan - Japan Public Transportation (JPT), 0
2024-08-25 10:34:20, Japan - e-Bunsho for Expense, 0
2024-08-25 10:34:20, Compleat (TMC Services), 0
2024-08-25 10:34:20, Mobile, 0
2024-08-25 10:34:20, Analysis/Intelligence, 0
2024-08-25 10:34:20, Imaging, 0
2024-08-25 10:34:20, Request, 0
2024-08-25 10:34:20, Invoice, 0
2024-08-25 10:34:20, Travel, 0
2024-08-25 10:34:20, Expense, 0
2024-08-25 10:34:20, Replicon, 0
2024-08-25 10:34:20, ConsumerList, 0
2024-08-25 10:34:20, TeamsforLife, 0
2024-08-25 10:34:20, YourPhone, 0
2024-08-25 10:34:20, Whiteboard, 0
2024-08-25 10:34:20, OfficeOnlineConsumer, 0
2024-08-25 10:34:20, Skype, 0
2024-08-25 10:34:20, microsofttodo, 0
2024-08-25 10:34:20, CopilotConsumer, 0
2024-08-25 10:34:20, OneDriveConsumer, 0
2024-08-25 10:34:20, Outlook.com, 0
2024-08-25 10:34:20, M365Consumer, 0
2024-08-25 10:24:22, Okta, 1
2024-08-25 10:24:22, Japan - e-Bunsho for Invoice, 0
2024-08-25 10:24:22, Japan - Japan Public Transportation (JPT), 0
2024-08-25 10:24:22, Japan - e-Bunsho for Expense, 0
2024-08-25 10:24:22, Compleat (TMC Services), 0
2024-08-25 10:24:22, Mobile, 0
2024-08-25 10:24:22, Analysis/Intelligence, 0
2024-08-25 10:24:22, Imaging, 0
2024-08-25 10:24:22, Request, 0
2024-08-25 10:24:22, Invoice, 0
2024-08-25 10:24:22, Travel, 0
2024-08-25 10:24:22, Expense, 0
2024-08-25 10:24:22, Replicon, 0
2024-08-25 10:24:22, ConsumerList, 0
2024-08-25 10:24:22, TeamsforLife, 0
2024-08-25 10:24:22, YourPhone, 0
2024-08-25 10:24:22, Whiteboard, 0
2024-08-25 10:24:22, OfficeOnlineConsumer, 0
2024-08-25 10:24:22, Skype, 0
2024-08-25 10:24:22, microsofttodo, 0
2024-08-25 10:24:22, CopilotConsumer, 0
2024-08-25 10:24:22, OneDriveConsumer, 0
2024-08-25 10:24:22, Outlook.com, 0
2024-08-25 10:24:22, M365Consumer, 0
2024-08-25 10:14:20, Okta, 1
2024-08-25 10:14:20, Japan - e-Bunsho for Invoice, 0
2024-08-25 10:14:20, Japan - Japan Public Transportation (JPT), 0
2024-08-25 10:14:20, Japan - e-Bunsho for Expense, 0
2024-08-25 10:14:20, Compleat (TMC Services), 0
2024-08-25 10:14:20, Mobile, 0
2024-08-25 10:14:20, Analysis/Intelligence, 0
2024-08-25 10:14:20, Imaging, 0
2024-08-25 10:14:20, Request, 0
2024-08-25 10:14:20, Invoice, 0
2024-08-25 10:14:20, Travel, 0
2024-08-25 10:14:20, Expense, 0
2024-08-25 10:14:20, Replicon, 0
2024-08-25 10:14:20, ConsumerList, 0
2024-08-25 10:14:20, TeamsforLife, 0
2024-08-25 10:14:20, YourPhone, 0
2024-08-25 10:14:20, Whiteboard, 0
2024-08-25 10:14:20, OfficeOnlineConsumer, 0
2024-08-25 10:14:20, Skype, 0
2024-08-25 10:14:20, microsofttodo, 0
2024-08-25 10:14:20, CopilotConsumer, 0
2024-08-25 10:14:20, OneDriveConsumer, 0
2024-08-25 10:14:20, Outlook.com, 0
2024-08-25 10:14:20, M365Consumer, 0
2024-08-25 10:04:18, Okta, 1
2024-08-25 10:04:18, Japan - e-Bunsho for Invoice, 0
2024-08-25 10:04:18, Japan - Japan Public Transportation (JPT), 0
2024-08-25 10:04:18, Japan - e-Bunsho for Expense, 0
2024-08-25 10:04:18, Compleat (TMC Services), 0
2024-08-25 10:04:18, Mobile, 0
2024-08-25 10:04:18, Analysis/Intelligence, 0
2024-08-25 10:04:18, Imaging, 0
2024-08-25 10:04:18, Request, 0
2024-08-25 10:04:18, Invoice, 0
2024-08-25 10:04:18, Travel, 0
2024-08-25 10:04:18, Expense, 0
2024-08-25 10:04:18, Replicon, 0
2024-08-25 10:04:18, ConsumerList, 0
2024-08-25 10:04:18, TeamsforLife, 0
2024-08-25 10:04:18, YourPhone, 0
2024-08-25 10:04:18, Whiteboard, 0
2024-08-25 10:04:18, OfficeOnlineConsumer, 0
2024-08-25 10:04:18, Skype, 0
2024-08-25 10:04:18, microsofttodo, 0
2024-08-25 10:04:18, CopilotConsumer, 0
2024-08-25 10:04:18, OneDriveConsumer, 0
2024-08-25 10:04:18, Outlook.com, 0
2024-08-25 10:04:18, M365Consumer, 0
2024-08-25 09:54:21, Okta, 1
2024-08-25 09:54:21, Japan - e-Bunsho for Invoice, 0
2024-08-25 09:54:21, Japan - Japan Public Transportation (JPT), 0
2024-08-25 09:54:21, Japan - e-Bunsho for Expense, 0
2024-08-25 09:54:21, Compleat (TMC Services), 0
2024-08-25 09:54:21, Mobile, 0
2024-08-25 09:54:21, Analysis/Intelligence, 0
2024-08-25 09:54:21, Imaging, 0
2024-08-25 09:54:21, Request, 0
2024-08-25 09:54:21, Invoice, 0
2024-08-25 09:54:21, Travel, 0
2024-08-25 09:54:21, Expense, 0
2024-08-25 09:54:21, Replicon, 0
2024-08-25 09:54:21, ConsumerList, 0
2024-08-25 09:54:21, TeamsforLife, 0
2024-08-25 09:54:21, YourPhone, 0
2024-08-25 09:54:21, Whiteboard, 0
2024-08-25 09:54:21, OfficeOnlineConsumer, 0
2024-08-25 09:54:21, Skype, 0
2024-08-25 09:54:21, microsofttodo, 0
2024-08-25 09:54:21, CopilotConsumer, 0
2024-08-25 09:54:21, OneDriveConsumer, 0
2024-08-25 09:54:21, Outlook.com, 0
2024-08-25 09:54:21, M365Consumer, 0
2024-08-25 09:44:20, Okta, 1
2024-08-25 09:44:20, Japan - e-Bunsho for Invoice, 0
2024-08-25 09:44:20, Japan - Japan Public Transportation (JPT), 0
2024-08-25 09:44:20, Japan - e-Bunsho for Expense, 0
2024-08-25 09:44:20, Compleat (TMC Services), 0
2024-08-25 09:44:20, Mobile, 0
2024-08-25 09:44:20, Analysis/Intelligence, 0
2024-08-25 09:44:20, Imaging, 0
2024-08-25 09:44:20, Request, 0
2024-08-25 09:44:20, Invoice, 0
2024-08-25 09:44:20, Travel, 0
2024-08-25 09:44:20, Expense, 0
2024-08-25 09:44:20, Replicon, 0
2024-08-25 09:44:20, ConsumerList, 0
2024-08-25 09:44:20, TeamsforLife, 0
2024-08-25 09:44:20, YourPhone, 0
2024-08-25 09:44:20, Whiteboard, 0
2024-08-25 09:44:20, OfficeOnlineConsumer, 0
2024-08-25 09:44:20, Skype, 0
2024-08-25 09:44:20, microsofttodo, 0
2024-08-25 09:44:20, CopilotConsumer, 0
2024-08-25 09:44:20, OneDriveConsumer, 0
2024-08-25 09:44:20, Outlook.com, 0
2024-08-25 09:44:20, M365Consumer, 0
2024-08-25 09:34:19, Okta, 1
2024-08-25 09:34:19, Japan - e-Bunsho for Invoice, 0
2024-08-25 09:34:19, Japan - Japan Public Transportation (JPT), 0
2024-08-25 09:34:19, Japan - e-Bunsho for Expense, 0
2024-08-25 09:34:19, Compleat (TMC Services), 0
2024-08-25 09:34:19, Mobile, 0
2024-08-25 09:34:19, Analysis/Intelligence, 0
2024-08-25 09:34:19, Imaging, 0
2024-08-25 09:34:19, Request, 0
2024-08-25 09:34:19, Invoice, 0
2024-08-25 09:34:19, Travel, 0
2024-08-25 09:34:19, Expense, 0
2024-08-25 09:34:19, Replicon, 0
2024-08-25 09:34:19, ConsumerList, 0
2024-08-25 09:34:19, TeamsforLife, 0
2024-08-25 09:34:19, YourPhone, 0
2024-08-25 09:34:19, Whiteboard, 0
2024-08-25 09:34:19, OfficeOnlineConsumer, 0
2024-08-25 09:34:19, Skype, 0
2024-08-25 09:34:19, microsofttodo, 0
2024-08-25 09:34:19, CopilotConsumer, 0
2024-08-25 09:34:19, OneDriveConsumer, 0
2024-08-25 09:34:19, Outlook.com, 0
2024-08-25 09:34:19, M365Consumer, 0
2024-08-25 09:24:20, Okta, 1
2024-08-25 09:24:20, Japan - e-Bunsho for Invoice, 0
2024-08-25 09:24:20, Japan - Japan Public Transportation (JPT), 0
2024-08-25 09:24:20, Japan - e-Bunsho for Expense, 0
2024-08-25 09:24:20, Compleat (TMC Services), 0
2024-08-25 09:24:20, Mobile, 0
2024-08-25 09:24:20, Analysis/Intelligence, 0
2024-08-25 09:24:20, Imaging, 0
2024-08-25 09:24:20, Request, 0
2024-08-25 09:24:20, Invoice, 0
2024-08-25 09:24:20, Travel, 0
2024-08-25 09:24:20, Expense, 0
2024-08-25 09:24:20, Replicon, 0
2024-08-25 09:24:20, ConsumerList, 0
2024-08-25 09:24:20, TeamsforLife, 0
2024-08-25 09:24:20, YourPhone, 0
2024-08-25 09:24:20, Whiteboard, 0
2024-08-25 09:24:20, OfficeOnlineConsumer, 0
2024-08-25 09:24:20, Skype, 0
2024-08-25 09:24:20, microsofttodo, 0
2024-08-25 09:24:20, CopilotConsumer, 0
2024-08-25 09:24:20, OneDriveConsumer, 0
2024-08-25 09:24:20, Outlook.com, 0
2024-08-25 09:24:20, M365Consumer, 0
2024-08-25 09:14:21, Okta, 1
2024-08-25 09:14:21, Japan - e-Bunsho for Invoice, 0
2024-08-25 09:14:21, Japan - Japan Public Transportation (JPT), 0
2024-08-25 09:14:21, Japan - e-Bunsho for Expense, 0
2024-08-25 09:14:21, Compleat (TMC Services), 0
2024-08-25 09:14:21, Mobile, 0
2024-08-25 09:14:21, Analysis/Intelligence, 0
2024-08-25 09:14:21, Imaging, 0
2024-08-25 09:14:21, Request, 0
2024-08-25 09:14:21, Invoice, 0
2024-08-25 09:14:21, Travel, 0
2024-08-25 09:14:21, Expense, 0
2024-08-25 09:14:21, Replicon, 0
2024-08-25 09:14:21, ConsumerList, 0
2024-08-25 09:14:21, TeamsforLife, 0
2024-08-25 09:14:21, YourPhone, 0
2024-08-25 09:14:21, Whiteboard, 0
2024-08-25 09:14:21, OfficeOnlineConsumer, 0
2024-08-25 09:14:21, Skype, 0
2024-08-25 09:14:21, microsofttodo, 0
2024-08-25 09:14:21, CopilotConsumer, 0
2024-08-25 09:14:21, OneDriveConsumer, 0
2024-08-25 09:14:21, Outlook.com, 0
2024-08-25 09:14:21, M365Consumer, 0
2024-08-25 09:04:22, Okta, 1
2024-08-25 09:04:22, Japan - e-Bunsho for Invoice, 0
2024-08-25 09:04:22, Japan - Japan Public Transportation (JPT), 0
2024-08-25 09:04:22, Japan - e-Bunsho for Expense, 0
2024-08-25 09:04:22, Compleat (TMC Services), 0
2024-08-25 09:04:22, Mobile, 0
2024-08-25 09:04:22, Analysis/Intelligence, 0
2024-08-25 09:04:22, Imaging, 0
2024-08-25 09:04:22, Request, 0
2024-08-25 09:04:22, Invoice, 0
2024-08-25 09:04:22, Travel, 0
2024-08-25 09:04:22, Expense, 0
2024-08-25 09:04:22, Replicon, 0
2024-08-25 09:04:22, ConsumerList, 0
2024-08-25 09:04:22, TeamsforLife, 0
2024-08-25 09:04:22, YourPhone, 0
2024-08-25 09:04:22, Whiteboard, 0
2024-08-25 09:04:22, OfficeOnlineConsumer, 0
2024-08-25 09:04:22, Skype, 0
2024-08-25 09:04:22, microsofttodo, 0
2024-08-25 09:04:22, CopilotConsumer, 0
2024-08-25 09:04:22, OneDriveConsumer, 0
2024-08-25 09:04:22, Outlook.com, 0
2024-08-25 09:04:22, M365Consumer, 0
2024-08-25 08:54:24, Okta, 1
2024-08-25 08:54:24, Japan - e-Bunsho for Invoice, 0
2024-08-25 08:54:24, Japan - Japan Public Transportation (JPT), 0
2024-08-25 08:54:24, Japan - e-Bunsho for Expense, 0
2024-08-25 08:54:24, Compleat (TMC Services), 0
2024-08-25 08:54:24, Mobile, 0
2024-08-25 08:54:24, Analysis/Intelligence, 0
2024-08-25 08:54:24, Imaging, 0
2024-08-25 08:54:24, Request, 0
2024-08-25 08:54:24, Invoice, 0
2024-08-25 08:54:24, Travel, 0
2024-08-25 08:54:24, Expense, 0
2024-08-25 08:54:24, Replicon, 0
2024-08-25 08:54:24, ConsumerList, 0
2024-08-25 08:54:24, TeamsforLife, 0
2024-08-25 08:54:24, YourPhone, 0
2024-08-25 08:54:24, Whiteboard, 0
2024-08-25 08:54:24, OfficeOnlineConsumer, 0
2024-08-25 08:54:24, Skype, 0
2024-08-25 08:54:24, microsofttodo, 0
2024-08-25 08:54:24, CopilotConsumer, 0
2024-08-25 08:54:24, OneDriveConsumer, 0
2024-08-25 08:54:24, Outlook.com, 0
2024-08-25 08:54:24, M365Consumer, 0
2024-08-25 08:44:21, Okta, 1
2024-08-25 08:44:21, Japan - e-Bunsho for Invoice, 0
2024-08-25 08:44:21, Japan - Japan Public Transportation (JPT), 0
2024-08-25 08:44:21, Japan - e-Bunsho for Expense, 0
2024-08-25 08:44:21, Compleat (TMC Services), 0
2024-08-25 08:44:21, Mobile, 0
2024-08-25 08:44:21, Analysis/Intelligence, 0
2024-08-25 08:44:21, Imaging, 0
2024-08-25 08:44:21, Request, 0
2024-08-25 08:44:21, Invoice, 0
2024-08-25 08:44:21, Travel, 0
2024-08-25 08:44:21, Expense, 0
2024-08-25 08:44:21, Replicon, 0
2024-08-25 08:44:21, ConsumerList, 0
2024-08-25 08:44:21, TeamsforLife, 0
2024-08-25 08:44:21, YourPhone, 0
2024-08-25 08:44:21, Whiteboard, 0
2024-08-25 08:44:21, OfficeOnlineConsumer, 0
2024-08-25 08:44:21, Skype, 0
2024-08-25 08:44:21, microsofttodo, 0
2024-08-25 08:44:21, CopilotConsumer, 0
2024-08-25 08:44:21, OneDriveConsumer, 0
2024-08-25 08:44:21, Outlook.com, 0
2024-08-25 08:44:21, M365Consumer, 0
2024-08-25 08:34:21, Okta, 1
2024-08-25 08:34:21, Japan - e-Bunsho for Invoice, 0
2024-08-25 08:34:21, Japan - Japan Public Transportation (JPT), 0
2024-08-25 08:34:21, Japan - e-Bunsho for Expense, 0
2024-08-25 08:34:21, Compleat (TMC Services), 0
2024-08-25 08:34:21, Mobile, 0
2024-08-25 08:34:21, Analysis/Intelligence, 0
2024-08-25 08:34:21, Imaging, 0
2024-08-25 08:34:21, Request, 0
2024-08-25 08:34:21, Invoice, 0
2024-08-25 08:34:21, Travel, 0
2024-08-25 08:34:21, Expense, 0
2024-08-25 08:34:21, Replicon, 0
2024-08-25 08:34:21, ConsumerList, 0
2024-08-25 08:34:21, TeamsforLife, 0
2024-08-25 08:34:21, YourPhone, 0
2024-08-25 08:34:21, Whiteboard, 0
2024-08-25 08:34:21, OfficeOnlineConsumer, 0
2024-08-25 08:34:21, Skype, 0
2024-08-25 08:34:21, microsofttodo, 0
2024-08-25 08:34:21, CopilotConsumer, 0
2024-08-25 08:34:21, OneDriveConsumer, 0
2024-08-25 08:34:21, Outlook.com, 0
2024-08-25 08:34:21, M365Consumer, 0
2024-08-25 08:24:19, Okta, 1
2024-08-25 08:24:19, Japan - e-Bunsho for Invoice, 0
2024-08-25 08:24:19, Japan - Japan Public Transportation (JPT), 0
2024-08-25 08:24:19, Japan - e-Bunsho for Expense, 0
2024-08-25 08:24:19, Compleat (TMC Services), 0
2024-08-25 08:24:19, Mobile, 0
2024-08-25 08:24:19, Analysis/Intelligence, 0
2024-08-25 08:24:19, Imaging, 0
2024-08-25 08:24:19, Request, 0
2024-08-25 08:24:19, Invoice, 0
2024-08-25 08:24:19, Travel, 0
2024-08-25 08:24:19, Expense, 0
2024-08-25 08:24:19, Replicon, 0
2024-08-25 08:24:19, ConsumerList, 0
2024-08-25 08:24:19, TeamsforLife, 0
2024-08-25 08:24:19, YourPhone, 0
2024-08-25 08:24:19, Whiteboard, 0
2024-08-25 08:24:19, OfficeOnlineConsumer, 0
2024-08-25 08:24:19, Skype, 0
2024-08-25 08:24:19, microsofttodo, 0
2024-08-25 08:24:19, CopilotConsumer, 0
2024-08-25 08:24:19, OneDriveConsumer, 0
2024-08-25 08:24:19, Outlook.com, 0
2024-08-25 08:24:19, M365Consumer, 0
2024-08-25 08:14:22, Okta, 1
2024-08-25 08:14:22, Japan - e-Bunsho for Invoice, 0
2024-08-25 08:14:22, Japan - Japan Public Transportation (JPT), 0
2024-08-25 08:14:22, Japan - e-Bunsho for Expense, 0
2024-08-25 08:14:22, Compleat (TMC Services), 0
2024-08-25 08:14:22, Mobile, 0
2024-08-25 08:14:22, Analysis/Intelligence, 0
2024-08-25 08:14:22, Imaging, 0
2024-08-25 08:14:22, Request, 0
2024-08-25 08:14:22, Invoice, 0
2024-08-25 08:14:22, Travel, 0
2024-08-25 08:14:22, Expense, 0
2024-08-25 08:14:22, Replicon, 0
2024-08-25 08:14:22, ConsumerList, 0
2024-08-25 08:14:22, TeamsforLife, 0
2024-08-25 08:14:22, YourPhone, 0
2024-08-25 08:14:22, Whiteboard, 0
2024-08-25 08:14:22, OfficeOnlineConsumer, 0
2024-08-25 08:14:22, Skype, 0
2024-08-25 08:14:22, microsofttodo, 0
2024-08-25 08:14:22, CopilotConsumer, 0
2024-08-25 08:14:22, OneDriveConsumer, 0
2024-08-25 08:14:22, Outlook.com, 0
2024-08-25 08:14:22, M365Consumer, 0
2024-08-25 08:04:21, Okta, 1
2024-08-25 08:04:21, Japan - e-Bunsho for Invoice, 0
2024-08-25 08:04:21, Japan - Japan Public Transportation (JPT), 0
2024-08-25 08:04:21, Japan - e-Bunsho for Expense, 0
2024-08-25 08:04:21, Compleat (TMC Services), 0
2024-08-25 08:04:21, Mobile, 0
2024-08-25 08:04:21, Analysis/Intelligence, 0
2024-08-25 08:04:21, Imaging, 0
2024-08-25 08:04:21, Request, 0
2024-08-25 08:04:21, Invoice, 0
2024-08-25 08:04:21, Travel, 0
2024-08-25 08:04:21, Expense, 0
2024-08-25 08:04:21, Replicon, 0
2024-08-25 08:04:21, ConsumerList, 0
2024-08-25 08:04:21, TeamsforLife, 0
2024-08-25 08:04:21, YourPhone, 0
2024-08-25 08:04:21, Whiteboard, 0
2024-08-25 08:04:21, OfficeOnlineConsumer, 0
2024-08-25 08:04:21, Skype, 0
2024-08-25 08:04:21, microsofttodo, 0
2024-08-25 08:04:21, CopilotConsumer, 0
2024-08-25 08:04:21, OneDriveConsumer, 0
2024-08-25 08:04:21, Outlook.com, 0
2024-08-25 08:04:21, M365Consumer, 0
2024-08-25 07:54:21, Okta, 1
2024-08-25 07:54:21, Japan - e-Bunsho for Invoice, 0
2024-08-25 07:54:21, Japan - Japan Public Transportation (JPT), 0
2024-08-25 07:54:21, Japan - e-Bunsho for Expense, 0
2024-08-25 07:54:21, Compleat (TMC Services), 0
2024-08-25 07:54:21, Mobile, 0
2024-08-25 07:54:21, Analysis/Intelligence, 0
2024-08-25 07:54:21, Imaging, 0
2024-08-25 07:54:21, Request, 0
2024-08-25 07:54:21, Invoice, 0
2024-08-25 07:54:21, Travel, 0
2024-08-25 07:54:21, Expense, 0
2024-08-25 07:54:21, Replicon, 0
2024-08-25 07:54:21, ConsumerList, 0
2024-08-25 07:54:21, TeamsforLife, 0
2024-08-25 07:54:21, YourPhone, 0
